"Qnum";"Question";"Answer1";"Answer2";"Answer3"
"1";"voraussetzung dafuer ist aber bis jetzt, dass man vorher sechs monate im inland taetig gewesen ist";"Neutral";"Positiv";"Negativ"
"2";"heute irgendwelche auskuenfte ueber die moeglichen hoehen preiszugeben, wuerde ja bedeuten, dass man dem verhandlungspartner einiges signalisierte";"Neutral";"Positiv";"Negativ"
"3";"rettungspakete darf es nur in aeussersten notfaellen, also als ultima ratio, geben";"Neutral";"Positiv";"Negativ"
"4";"halten sie eine bearbeitungszeit von 53 monaten seit dem beschluss des bundestages fuer ein raum- und funktionsprogramm des bundeskanzleramtes, das man normalerweise in drei monaten zustande bringt, fuer ein zeichen dafuer, wie zuegig sich die bundesregierung um die umsetzung des mehrheitsbeschlusses des deutschen bundestages bemueht ? .";"Neutral";"Positiv";"Negativ"
"5";"das halten wir fuer hoechst problematisch";"Neutral";"Positiv";"Negativ"
"6";"eigentlich ist die fortsetzung der arbeit der enquete-kommission recht und ethik der modernen medizin nur folgerichtig";"Neutral";"Positiv";"Negativ"
"7";"sie betreffen zum beispiel die fluechtlingsrueckkehr, bei der es noch probleme gibt, die dezentralisierung, die nicht vorankommt, und die restitution der fluechtlinge aus der zeit der maerzunruhen";"Neutral";"Positiv";"Negativ"
"8";"so betraegt die arbeitslosigkeit unter den behinderten im westen 17 prozent und im osten 24,5 prozent";"Neutral";"Positiv";"Negativ"
"9";"in dieser frage waren wir uns bisher mit den kollegen der spd und denen der cdu/csu erfreulicherweise immer insoweit einig, dass es besser ist, sich um die terminierung so zu kuemmern, dass im ergebnis etwas fuer diejenigen herauskommt, denen wir uns gemeinsam verpflichtet fuehlen, naemlich fuer die auslaender, die seit vielen jahren in der bundesrepublik leben und deren integration wir erleichtern wollen";"Neutral";"Positiv";"Negativ"
"10";"es gibt aufgrund der ermittlung in den letzten 14 tagen keine anhaltspunkte, dass die kontamination bereits auf demacker erfolgt ist";"Neutral";"Positiv";"Negativ"
"11";"wir erleben, wie schrecklich sich der grossflaechig organisierte handel mit kindern auswirkt: netzwerke von haendlern arbeiten sich durch staedte, laendliche gebiete und fluechtlingscamps, um kinder und frauen in ihren besitz zu bringen";"Neutral";"Positiv";"Negativ"
"12";"beurteilungskriterium ist das produkt, das nach allen sicherheitstechnischen qualitaetsmerkmalen, die sich nach dem stand von wissenschaft und technik richten, zu begutachten ist";"Neutral";"Positiv";"Negativ"
"13";"(zustimmung beim buendnis 90/die gruenen und bei der spd) insofern haben sie mit mir kein problem, was die zusammenarbeit zwischen privaten unternehmen und der oeffentlichen hand - das ist die deutsche uebersetzung von public private partnership - angeht";"Neutral";"Positiv";"Negativ"
"14";"vielen dank fuer die aufmerksamkeit";"Neutral";"Positiv";"Negativ"
"15";"vorsichtig ausgedrueckt - weil unsere sitzungen hier im bundestag oeffentlich sind - sind das unverlangt geschickte mails mit oft auch jugendgefaehrdendem inhalt";"Neutral";"Positiv";"Negativ"
"16";"jeden tag gehen mehr als 150 unternehmen konkurs";"Neutral";"Positiv";"Negativ"
"17";"denn eine der wichtigen fragen ist: welchen beitrag leistet dieses programm, um unsere positionierung zu verbessern";"Neutral";"Positiv";"Negativ"
"18";"- ich bin fuer die uebersicht nicht verantwortlich";"Neutral";"Positiv";"Negativ"
"19";"ich glaube, es ist richtig, dass die interessierte oeffentlichkeit das einmuetige ergebnis einer diskussion des deutschen bundestages als sehr viel glaubwuerdiger wahrnehmen wuerde, als wenn vier antraege vorliegen und mehrere davon nicht angenommen werden, obwohl sie im grunde identisch sind";"Neutral";"Positiv";"Negativ"
"20";"wir teilen die auffassung der bundesregierung, dass diese gefangenen in uebereinstimmung mit dem humanitaeren voelkerrecht und den menschenrechtlichen mindeststandards zu behandeln sind";"Neutral";"Positiv";"Negativ"
"21";"es gibt keinen fachmann in deutschland, weder in der wirtschaft noch in der wissenschaft, der dieses programm nicht fuer richtig haelt";"Neutral";"Positiv";"Negativ"
"22";"damit zertreten sie auch entwicklungen, die wir in deutschland unbedingt benoetigen";"Neutral";"Positiv";"Negativ"
"23";"es gibt ja nicht wenige bei ihnen, die der meinung sind, dass sie aufgrund der damaligen politik der vater oder die mutter des jetzigen aufschwungs sind";"Neutral";"Positiv";"Negativ"
"24";"herr kollege kriedner, gestatten sie bitte, dass ich die beiden fragen, die sie gestellt haben, im sachzusammenhang beantworte . .";"Neutral";"Positiv";"Negativ"
"25";"in teilen ist das auch durchaus erreicht worden, in anderen teilen eben nicht";"Neutral";"Positiv";"Negativ"
"26";"frau staatssekretaerin, da ich davon ausgehe, dass sie in ihrem ministerium nicht die ministerin bzw. die beamten, die zwei kinder haben, quasi fuer eine verbrauchsstichprobe herangezogen haben, sondern dass sie ueber daten verfuegen, die ihnen eine beurteilung dieses sachverhaltes ermoeglichen, moechte ich von ihnen wissen, welche grundlagen sie fuer die beurteilung dieser fragen herangezogen haben und seit wann ihnen das bekannt ist, da sie ausgerechnet in diesem jahr mit diesem thema kommen";"Neutral";"Positiv";"Negativ"
"27";"ich glaube, dass dem bundesverfassungsgericht im verfahren sehr deutlich dargelegt wurde, auf welche quellen man sich bezogen hat";"Neutral";"Positiv";"Negativ"
"28";"wir haben ihnen auch gesagt, dass es eine andere moeglichkeit gegeben haette, naemlich die moeglichkeit, die veraenderung ueber aenderungsantraege in der zweiten lesung herbeizufuehren";"Neutral";"Positiv";"Negativ"
"29";"oder gute gruende fuer ein haushaltssicherungsgesetz sieht";"Neutral";"Positiv";"Negativ"
"30";"ich danke ihnen";"Neutral";"Positiv";"Negativ"
"31";"noch: karsten d";"Neutral";"Positiv";"Negativ"
"32";"deshalb fordere ich den aussenminister auf, hier transparenz walten zu lassen und uns auch zu sagen, wer welche leute fuer delegationsreisen vorgeschlagen hat und welches beratungsergebnis am ende fuer die zusammenstellung der delegation herausgekommen ist";"Neutral";"Positiv";"Negativ"
"33";"- okay";"Neutral";"Positiv";"Negativ"
"34";"ihre politik ist in vielen bereichen ein schlag ins gesicht der kleinen leute, deren vertrauen sie sich erschlichen haben";"Neutral";"Positiv";"Negativ"
"35";"aussagen, wie dieses konzept endgueltig aussieht, vermag ich heute noch nicht zu treffen";"Neutral";"Positiv";"Negativ"
"36";"warum hat das bundesinnenministerium die vom stellvertretenden abteilungsleiter grenzschutz schon im sommer des letzten jahres zugesagte ueberpruefung saemtlicher standorte auf der grundlage einheitlicher kriterien und politischer vorgaben nicht realisiert ? .";"Neutral";"Positiv";"Negativ"
"37";"ansonsten gibt es im investiven bereich gott sei dank keine kuerzungen, im gegenteil: die strassenbaumittel wurden um 230 millionen dm aufgestockt";"Neutral";"Positiv";"Negativ"
"38";"ich kann das auf jeden fall fuer den landwirtschaftsausschuss bestaetigen, fuer den es geradezu essenziell ist, wie mit den europaeischen geldern umgegangen wird";"Neutral";"Positiv";"Negativ"
"39";"bezueglich der berufe, die nicht bundeseinheitlich geregelt werden, haben wir das problem, dass der zustaendigkeitsdschungel nicht beseitigt werden wird";"Neutral";"Positiv";"Negativ"
"40";"ich glaube, wir koennen uns darueber freuen, dass im haushalt bereits fuer dieses jahr mittel veranschlagt sind, die wir auch gerne ausgeben wollen";"Neutral";"Positiv";"Negativ"
"41";"bei herrn lindner bleibt die demokratie vor den werkstoren stehen";"Neutral";"Positiv";"Negativ"
"42";"die milcherzeuger brauchen dringend sicherheit fuer ihre investitionsentscheidungen";"Neutral";"Positiv";"Negativ"
"43";"noch: heide mattischeck - ja, aber das ziel haben sie aus den augen verloren";"Neutral";"Positiv";"Negativ"
"44";"ich danke fuer ihre aufmerksamkeit";"Neutral";"Positiv";"Negativ"
"45";"damit zaehlt dieses gebiet zu den schwerpunkten unserer zusammenarbeit";"Neutral";"Positiv";"Negativ"
"46";"ich gehe davon aus, dass die von uns eingesetzte arbeitsgruppe, die im fruehjahr ihre empfehlungen abgeben wird, einen ganz konkreten vorschlag machen wird";"Neutral";"Positiv";"Negativ"
"47";"grosse ereignisse finden manchmal am 3. juni statt";"Neutral";"Positiv";"Negativ"
"48";"damit hat die bundesrepublik nicht nur grosse verantwortung, sondern auch eine entsprechende pflicht hinsichtlich der einforderung von arbeits- und einkommensbedingungen sowie die rahmenbedingungen fuer die gewerkschaftliche arbeit gemaess den in den eu-staaten gueltigen standards und denen der ilo";"Neutral";"Positiv";"Negativ"
"49";"ich hoffe im interesse aller kolleginnen und kollegen, dass der motivationsschub allein des beschlusses heute ausreichen moege, dass die vielfliegenden abgeordneten den sommer gut ueberstehen koennen";"Neutral";"Positiv";"Negativ"
"50";"der zeitraum der interessensbekundung fuer die erste tranche endete am 31. maerz 2008. sie wissen, dass sich bereits acht branchen gemeldet haben";"Neutral";"Positiv";"Negativ"
"51";"aber ich hielt dies fuer notwendig, um den rahmen zu beschreiben, in dem sich dieses gesetz bewegt";"Neutral";"Positiv";"Negativ"
"52";"herr kollege erler, wuerden sie bitte zur kenntnis nehmen - sie haben das nicht erwaehnt -, dass es vor gut einem jahr, als die nato nach dem grossen massaker auf dem marktplatz das ultimatum gegenueber den karadzic<'-truppen, die beschiessung von sarajevo aufzugeben, ausgesprochen hatte, tatsaechlich monate und wochen gab, in denen man in sarajevo wieder auf der strasse sitzen konnte, in denen man geschuetzt war, wenn man wasser holen wollte, und dass es nicht stimmt, dass eine feste haltung von nato und uno jedesmal zu einer eskalation gefuehrt hat ? . .";"Neutral";"Positiv";"Negativ"
"53";"liebe frau abgeordnete hagedorn, hier wiederholt sich das thema";"Neutral";"Positiv";"Negativ"
"54";"ueber weitere faelle kann ich hier keine auskunft geben, weil mir weitere faelle nicht bekannt sind";"Neutral";"Positiv";"Negativ"
"55";"es ging lediglich darum, dass der herr bundespraesident wissen musste, dass der dalai lama teilnimmt, der ja in seiner person - das wird hier niemand abstreiten koennen - ein gewisses politisches problem darstellt";"Neutral";"Positiv";"Negativ"
"56";"in diesem zusammenhang ist dieser hinweis gekommen";"Neutral";"Positiv";"Negativ"
"57";"ich bin mir sicher, dass diese grosse koalition dies bis zum fruehjahr auch erreichen wird";"Neutral";"Positiv";"Negativ"
"58";"wir fordern aber die bundesregierung auf, in staerkerem mass zu einer aktiven, zu einer gestaltenden wirtschaftspolitik zurueckzukehren";"Neutral";"Positiv";"Negativ"
"59";"deshalb moechte ich das auch so im raume stehenlassen, wie es nun einmal gewesen ist";"Neutral";"Positiv";"Negativ"
"60";"wir halten eine debatte darueber fuer unerlaesslich, da es bei der regierungskoalition bedrohliche bestrebungen gibt, sich von den prinzipien gezielter foerderung noch weiter zu entfernen";"Neutral";"Positiv";"Negativ"
"61";"da koennen sie unter dem stichwort blockade viel lernen";"Neutral";"Positiv";"Negativ"
"62";"das koennte wirklich bluehende landschaften bringen";"Neutral";"Positiv";"Negativ"
"63";"daraus resultiert fuer die bundesregierung in der wirtschaftspolitik folgendes";"Neutral";"Positiv";"Negativ"
"64";"schliesslich brauchen wir gerade in dieser zeit eines: langfristige und gute qualifizierung";"Neutral";"Positiv";"Negativ"
"65";"schon deswegen moechte ich die frage in dieser hinsicht gern wiederholen: wird nicht die wohnungsnot gerade dadurch gefoerdert, dass die schulden bei den altbauten so hoch sind, dass dort keine kreditwuerdigkeit mehr im hinblick auf sanierungsmassnahmen besteht";"Neutral";"Positiv";"Negativ"
"66";"- etwas aehnliches habe ich bei der rentendiskussion in deutschen altenheimen erlebt";"Neutral";"Positiv";"Negativ"
"67";"herr staatssekretaer, habe ich sie bei der vielfaeltigen beantwortung der fragen richtig verstanden, dass sie nach wie vor ihre kritiker und kritikerinnen fuer hysteriker und hysterikerinnen halten und dass sie keinen politischen schaden angerichtet sehen trotz der tatsache, dass dies im ausland durchaus irritationen gebracht hat, und dass sie das ganze nur auf eine verfehlte oeffentlichkeitsarbeit ihrerseits zurueckfuehren ? .";"Neutral";"Positiv";"Negativ"
"68";"wir sprechen im moment ueber einen gesetzentwurf der fdp-fraktion";"Neutral";"Positiv";"Negativ"
"69";"der bundeskanzler hat eine solche moeglichkeit zum handeln offenbar auch erkannt, naemlich im jahr 2000 in weiden, wo er ein foerderprogramm fuer die grenzregionen angekuendigt hat - sie haben ein solches gerade verneint";"Neutral";"Positiv";"Negativ"
"70";"herr staatsminister, billigt denn der bundeskanzler das verhalten zum beispiel des generalsekretaers muentefering am 21. maerz bei seiner vernehmung, angeblich eine liste von spendern nicht gekannt zu haben, die dem willy-brandt-haus bereits am 14. maerz per einschreiben mit rueckschein zugegangen ist ? .";"Neutral";"Positiv";"Negativ"
"71";"wenn man sich die erhoehung der frauenquote in fuehrungspositionen anschaut, dann stellt man fest: trotz der mindestens zehn jahre alten selbstverpflichtung der grossen unternehmen ist das ergebnis gleich null";"Neutral";"Positiv";"Negativ"
"72";"die dinge, die dort debattiert werden, koennen nur nach beschlussfassung des untersuchungsausschusses veroeffentlicht werden";"Neutral";"Positiv";"Negativ"
"73";"man muss aber auch genau definieren, was unter patenten im einzelnen zu verstehen ist";"Neutral";"Positiv";"Negativ"
"74";"bekanntlich lassen sich zusammengebrochene strukturen kaum oder gar nicht reaktivieren, d.h., man muss von vorne anfangen";"Neutral";"Positiv";"Negativ"
"75";"aber das ziel wird im fortschrittsbericht deutlich, auch im mandatstext ; ich bitte, ihn wirklich intensiv zu lesen";"Neutral";"Positiv";"Negativ"
"76";"wo leben wir denn, dass wir das tun, dass wir das vor allem widerspruchslos tun koennen";"Neutral";"Positiv";"Negativ"
"77";"dabei ging es inhaltlich um die neustrukturierung, reorganisation und anpassung der sportorganisation an das gegebene system der alten bundesrepublik";"Neutral";"Positiv";"Negativ"
"78";"ich werde dem aber nachgehen und ihnen eine schriftliche antwort zukommen lassen";"Neutral";"Positiv";"Negativ"
"79";"sie haben zugang zu den protokollen";"Neutral";"Positiv";"Negativ"
"80";"hier ist nach praezisen zahlen gefragt worden, diese kann ich ihnen im moment aber nicht nennen";"Neutral";"Positiv";"Negativ"
"81";"so haben wir zum beispiel beschlossen, dass die prinzipien von nachhaltigkeit und wirtschaftlichkeit eingehalten werden sollen, dass im rahmen der novellierung des bundeswaldgesetzes verwaltungsvereinfachungen im forstbereich und weitere foerderungsmoeglichkeiten fuer die waelder geprueft werden sollen und dass die nutzung von holz als nachwachsender roh- und baustoff selbstverstaendlich gefoerdert werden soll";"Neutral";"Positiv";"Negativ"
"82";"- dies sind der aufbau der privaten altersvorsorge, der engagierte versuch, die rente fuer die junge generation armutsfest zu machen, der engagierte versuch, eine eigenstaendige altersabsicherung fuer frauen aufzubauen";"Neutral";"Positiv";"Negativ"
"83";"aber da hoeren die gemeinsamkeiten dann auch schon auf";"Neutral";"Positiv";"Negativ"
"84";"aber vielleicht geben mir die anderen etwas ab";"Neutral";"Positiv";"Negativ"
"85";"herr staatssekretaer, wenn es dieses handbuch gibt, sind sie dann mit mir der meinung, dass wir es unter dem besonderen aspekt verschlankung des staates um ein kapitel erweitern sollten, um diesen aspekt intensiver zu beruecksichtigen ? .";"Neutral";"Positiv";"Negativ"
"86";"der von den jungen abgeordneten parteiuebergreifend initiierte antrag zum deutsch-tschechischen jugendaustausch ist ein kontrapunkt zur unfaehigkeit";"Neutral";"Positiv";"Negativ"
"87";"damals wurden wir noch beschimpft, dass wir ein thema hochziehen und den deutschen bundestag mit einer solchen spendenaffaere beschaeftigen wollten";"Neutral";"Positiv";"Negativ"
"88";"doch macht das sinn";"Neutral";"Positiv";"Negativ"
"89";"die liste, die der finanzminister vorhin vorgelesen hat, war schon deutlich und beachtlich";"Neutral";"Positiv";"Negativ"
"90";"die ausstattung und ausruestung der bundeswehr, die vereinbarkeit von familie und beruf, die infrastruktur der standorte, die versetzungshaeufigkeit, finanzielle anreize sowie die ausbildung und fortbildungsmassnahmen sind weitere aspekte, die in diesem zusammenhang beruecksichtigt werden muessen und auch beruecksichtigt werden";"Neutral";"Positiv";"Negativ"
"91";"das zweite kriterium des stabilitaetspaktes fordert, die gesamtverschuldung unter 60 prozent des bip zu halten";"Neutral";"Positiv";"Negativ"
"92";"- die menschen vor ort wollen, glaube ich, dass dieses problem von der bundesregierung geloest wird";"Neutral";"Positiv";"Negativ"
"93";"die deutsche flugsicherung geht auch davon aus, dass ihr vorschlag bezueglich der flugrouten korrekt abgewogen worden ist";"Neutral";"Positiv";"Negativ"
"94";"wir sind der meinung, dass ihnen dies die politik abnehmen muss";"Neutral";"Positiv";"Negativ"
"95";"wir sehnen uns als mehrheit des parlaments schon langsam danach, endlich einer regierung gegenueberzusitzen, die bereit ist, die parlamentsbeschluesse auch umzusetzen";"Neutral";"Positiv";"Negativ"
"96";"achim grossmann, parl. staatssekretaer beim bundesminister fuer verkehr, bau und stadtentwicklung: in dieser sitzung, die, wie gesagt, von der bundesregierung beantragt worden ist, hat herr schaupensteiner im grunde genommen das gleiche gesagt wie in der verkehrsausschusssitzung, an der auch sie teilgenommen haben";"Neutral";"Positiv";"Negativ"
"97";"ernaehrt";"Neutral";"Positiv";"Negativ"
"98";"heute und morgen findet das treffen der fuer regionalentwicklung zustaendigen eu-minister in leipzig statt, das mit der verabschiedung einer leipzigcharta schliessen soll";"Neutral";"Positiv";"Negativ"
"99";"herr kollege singer, da ich mittlerweile auch ihr lebhaftes interesse daran kenne und darum z.b. auch auf ihre unterstuetzung dieser staendigen bemuehungen der bundesregierungen hoffen kann, glaube ich, dass unsere gemeinsamen bemuehungen demnaechst erfolg haben werden . .";"Neutral";"Positiv";"Negativ"
"100";"eltern mit schulpflichtigen kindern wissen, woran es liegt: es liegt nicht an der mehrwertsteuer, sondern an der gewinnspanne in der jeweiligen saison ; ich habe eben darauf hingewiesen . .";"Neutral";"Positiv";"Negativ"
"101";"aber all die aspekte, die sie zum anlass fuer eine gewisse selbstbeweihraeucherung genommen haben, vor allen dingen was die materielle ausstattung im studien- und ausbildungsbereich angeht, sind nicht gegenstand dieser regelung";"Neutral";"Positiv";"Negativ"
"102";"das darf man, wie ich meine, nicht geringschaetzen";"Neutral";"Positiv";"Negativ"
"103";"das ist auch gut so";"Neutral";"Positiv";"Negativ"
"104";"ueberlassen wir es also mehr den tarifpartnern, vor allem den arbeitgebern und arbeitnehmern vor ort, denn die wissen am besten, was fuer ihren betrieb und fuer ihren ei-genen arbeitsplatz gut ist";"Neutral";"Positiv";"Negativ"
"105";"ich will noch einmal sagen, dass wir in der zeit, in der wir die verantwortung fuer die bundesrepublik deutschland hatten, diese gesamtwirtschaftlichen zusammenhaenge bei den traegern der politischen verantwortung in vielen faellen nicht so heruebergebracht haben, wie es fuer die volkswirtschaft dringend notwendig gewesen waere";"Neutral";"Positiv";"Negativ"
"106";"ich bitte sie darum, dass die frage von ihrem kollegen in der naechsten sitzung der parlamentarischen kontrollkommission gestellt wird";"Neutral";"Positiv";"Negativ"
"107";"den ganzen vormittag ueber die zwischenfragen der kollegin roensch nicht zugelassen haben, moechte ich dies jetzt auch nicht tun";"Neutral";"Positiv";"Negativ"
"108";"aber regen sie sich nicht auf";"Neutral";"Positiv";"Negativ"
"109";"sie muessen geld dafuer zur verfuegung stellen";"Neutral";"Positiv";"Negativ"
"110";"die fdp scheint das noch nicht verstanden zu haben";"Neutral";"Positiv";"Negativ"
"111";"sie selber weisen doch immer auf diesen gesichtspunkt hin";"Neutral";"Positiv";"Negativ"
"112";"mit der ersten stufe konnten in bezug auf die sozialhilfe nur einsparungen im bereich des grossen und kleinen pflegegeldes fuer die haeusliche pflege erzielt werden";"Neutral";"Positiv";"Negativ"
"113";"die heute hier vorliegenden ilo-abkommen 148, 162 und 167 sind ein weiterer schritt zu mehr arbeitssicherheit im internationalen bereich";"Neutral";"Positiv";"Negativ"
"114";"herr kollege, stimmen sie mir zu, dass wir mit dem hauptstadtumzug, fuer den sehr viel geld ausgegeben werden muss, eine grosse chance haetten, eine lokomotive fuer den durchbruch zur informationsgesellschaft in diesem lande zu bekommen";"Neutral";"Positiv";"Negativ"
"115";"mag fuer eine klientelpartei wie die fdp moeglich sein";"Neutral";"Positiv";"Negativ"
"116";"um es deutlich zu sagen: unterstellt, das foerdervolumen ist ende dieses jahres noch nicht ausgeschoepft, so ist es bei vorliegen der erforderlichen mehrheiten im deutschen bundestag und im bundesrat und gegebenenfalls erforderlichen fristverkuerzungen nicht ausgeschlossen, dass eine entsprechende gesetzesvorlage des deutschen bundestages oder des bundesrates zur nichtanrechnung der umweltpraemie auf leistungen nach dem sozialgesetzbuch ii rechtzeitig vor diesem termin beschlossen, ausgefertigt und verkuendet werden kann";"Neutral";"Positiv";"Negativ"
"117";"wiederholt haben wir schon darauf hingewiesen, dass das gesundheitsministerium bei entsprechenden gesetzentwuerfen auch die ausbildungs- und pruefungsverordnungen vorlegen moechte";"Neutral";"Positiv";"Negativ"
"118";"meine damen und herren";"Neutral";"Positiv";"Negativ"
"119";"der auch hohe loehne ermoeglicht und oekonomisch rechtfertigt";"Neutral";"Positiv";"Negativ"
"120";"es ist vielmehr richtig, dass die arbeit der entsprechenden arbeitsgruppe der koalition durch mitarbeiter des finanzministeriums flankiert wird";"Neutral";"Positiv";"Negativ"
"121";"- wir wollen einmal sehen, ob wichtige bundeslaender wieder zum teufel oder anderswohin gehen";"Neutral";"Positiv";"Negativ"
"122";"die bundesregierung hat dabei erneut ihre ablehnende haltung unter beweis gestellt";"Neutral";"Positiv";"Negativ"
"123";"ich kann das nicht mit hinreichender genauigkeit ablesen";"Neutral";"Positiv";"Negativ"
"124";"das ist in einem rechtsstaat der fall";"Neutral";"Positiv";"Negativ"
"125";"das erp-sondervermoegen ist darueber hinaus ein umweltprogramm";"Neutral";"Positiv";"Negativ"
"126";"der einwand des staatsministers, denken sie an somalia, ist voellig berechtigt";"Neutral";"Positiv";"Negativ"
"127";"wir wissen heute, dass uns nur noch einige hundert versuche an menschlichen eizellen von der herstellung eines menschlichen klons, der auch lebt, trennen";"Neutral";"Positiv";"Negativ"
"128";"dann werden sie sehen, dass ich hier auch luegen richtigstellen darf";"Neutral";"Positiv";"Negativ"
"129";"die opposition hat dargelegt, dass sie eigentlich ueberhaupt nichts zu kritisieren hat, sondern hier nur polemik betreiben moechte";"Neutral";"Positiv";"Negativ"
"130";"informieren ja, einmischen nein - dieser grundsatz haette viel staerker den geist des vorliegenden gesetzes beeinflussen muessen";"Neutral";"Positiv";"Negativ"
"131";"ich muss feststellen, dass ich dem deutschen bundestag, dem haus der freiheit, nur deshalb angehoeren kann, weil dieses haus unter rot-gruen 1999 das staatsangehoerigkeitsrecht geaendert hat";"Neutral";"Positiv";"Negativ"
"132";"daran ist nichts zu aendern";"Neutral";"Positiv";"Negativ"
"133";"wie sehen sie das als sprecher der cdu/csu";"Neutral";"Positiv";"Negativ"
"134";"ein weit verzweigter, tragfaehiger und dynamischer europaeischer forschungsraum braucht dazu effiziente strukturen und foerderinstrumente, die gute zusammenarbeit und koordinierung gewaehrleisten";"Neutral";"Positiv";"Negativ"
"135";"da muessen sie sich ihre eigene befindlichkeit klar machen";"Neutral";"Positiv";"Negativ"
"136";"ich gestatte natuerlich gern der frau kollegin kressl eine zwischenfrage, weil es immer spannend ist, mit ihr zu diskutieren . .";"Neutral";"Positiv";"Negativ"
"137";"herr abgeordneter storm, ich habe zwei daten genannt: wenn man das kindergeld herausrechnet, ergibt sich eine steigerung um 2,5 prozent, aber durch andere massnahmen eine absenkung um 1,5 prozent";"Neutral";"Positiv";"Negativ"
"138";"menschen ohne zugang zu angemessenen toiletten sind einem kreislauf aus krankheit und armut ausgesetzt";"Neutral";"Positiv";"Negativ"
"139";"herr kollege, die aufgabe der regierungskommission ist nicht, das endgueltige system zu beschreiben - das steht bereits im koalitionsvertrag -, sondern, den weg vom zustand heute zum idealzustand von morgen genau vorzugeben ; denn nach elf jahren roter und rot-gruener gesundheitspolitik wird man nicht von heute auf morgen das system schlagartig verbessern koennen";"Neutral";"Positiv";"Negativ"
"140";"ich kann nicht einsehen, dass wir viel geld fuer diese bank bereitstellen, wenn von denen fast das ganze budget von kambodscha bezahlt wird, wo die opposition, wo die demokratie unterdrueckt wird";"Neutral";"Positiv";"Negativ"
"141";"trotzdem haelt die frau ministerin eine rede ueber die internationalisierung des bildungswesens und der hochschulen";"Neutral";"Positiv";"Negativ"
"142";"warum haben sie nicht frueher gehandelt";"Neutral";"Positiv";"Negativ"
"143";"mein fazit dieser situation sah so aus: trotz aller kontroversen in unseren debatten und trotz all unseres schlagabtauschs - manchmal in einer grobschlaechtigkeit, die ich nicht kommentieren will - muessen wir immer wieder ueberpruefen, ob die massstaebe, die wir persoenlich in der politischen auseinandersetzung anlegen, auch von anderen an solche debatten angelegt werden";"Neutral";"Positiv";"Negativ"
"144";"die sensibilitaet gegenueber der laermbelaestigung ist groesser geworden und steigt permanent";"Neutral";"Positiv";"Negativ"
"145";"abschliessend moechte ich noch auf eines hinweisen, weil sie gesagt haben, wir deuteten etwas um";"Neutral";"Positiv";"Negativ"
"146";"es ist sicherlich keine ueberraschung fuer sie";"Neutral";"Positiv";"Negativ"
"147";"ich danke fuer ihre geduld, frau praesidentin";"Neutral";"Positiv";"Negativ"
"148";"liebe kolleginnen und kollegen";"Neutral";"Positiv";"Negativ"
"149";"ferdi, ick find, dat hest du ganz fein mokt";"Neutral";"Positiv";"Negativ"
"150";"herr staatssekretaer, in den medien wurde von einem einigungsvorschlag der bundesanstalt berichtet";"Neutral";"Positiv";"Negativ"
"151";"es ist doch klar: das beste mittel zur bekaempfung der altersarmut sind einstiegschancen in den arbeitsmarkt, qualifizierung und aufstiegschancen aus dem niedriglohnsektor, in dem sich inzwischen jeder fuenfte befindet, und gute und konsequente mindestloehne";"Neutral";"Positiv";"Negativ"
"152";"wissen sie, ich bin da nicht so pingelig";"Neutral";"Positiv";"Negativ"
"153";"kolb [fdp]: ja";"Neutral";"Positiv";"Negativ"
"154";"herr kollege wissing, ich wollte sie nur fragen, wie das, was sie gerade zu den umweltsteuern vorgetragen haben, zur programmlage ihrer partei und insbesondere zu dem entsprechenden beschluss, den sie zu den umweltsteuern gefasst haben, passt . .";"Neutral";"Positiv";"Negativ"
"155";"das werden wir aber auch durch beschluesse von hier aus nur schwer aendern koennen, weil das mit reformen in den hochschulen und einer zusaetzlichen orientierung der forschungsarbeit in den hochschulen und den forschungsstaetten auf den anwendungsbereich zu tun hat, was bei uns unterentwickelt ist";"Neutral";"Positiv";"Negativ"
"156";"auch alle weiteren vorstoesse in dieser richtung sind am widerstand der laender - ohne deren zustimmung es nicht gehen wird - gescheitert";"Neutral";"Positiv";"Negativ"
"157";"astrid klug, parl. staatssekretaerin beim bundesminister fuer umwelt, naturschutz und reaktorsicherheit: jawohl";"Neutral";"Positiv";"Negativ"
"158";"ich persoenlich bin der meinung, dass unsere botschaft an die eu sein sollte, dass auch sie ihr 30-prozent-ziel unkonditioniert erklaert und damit das nachvollzieht, was wir in deutschland schon gemacht haben";"Neutral";"Positiv";"Negativ"
"159";"kann es sein, dass sie diese aussage hier machen koennen, weil die kollegin ulla jelpke, die dieses gesetz seit drei oder vier jahren";"Neutral";"Positiv";"Negativ"
"160";"es ist kein berufsausbildungssicherungsgesetz, es ist ein berufssicherungsgesetz fuer herrn muentefering";"Neutral";"Positiv";"Negativ"
"161";"diese hoffnungen sollten wir nicht enttaeuschen, indem wir andere auffordern, an den spielen nicht teilzunehmen";"Neutral";"Positiv";"Negativ"
"162";"logisch folgt, dass diejenigen laender, die niedrigere steuern als die geberlaender in europa haben, ab sofort keine foerdergelder mehr erhalten koennten";"Neutral";"Positiv";"Negativ"
"163";"es ist guter demokratischer brauch, in wichtigen existenzfragen, auch beim bau dieser europaeischen union, die unterstuetzung aller in diesem hause zu haben";"Neutral";"Positiv";"Negativ"
"164";"fuer eine naehrwertkennzeichnungspflicht nach dem ampelsystem gab es breite unterstuetzung von vielen organisationen aus dem verbraucherbereich und dem gesundheitsbereich";"Neutral";"Positiv";"Negativ"
"165";"herr staatssekretaer, haben sie aus der frage des kollegen michelbach und aus aeusserungen, die von anderen kollegen aus der union in den letzten wochen zu diesen grundfragen der finanzpolitik gemacht worden sind, erkennen koennen, dass die union weiss, was sie will ? .";"Neutral";"Positiv";"Negativ"
"166";"frau staatsministerin, vielen herzlichen dank fuer ih- ren bericht";"Neutral";"Positiv";"Negativ"
"167";"kaum ein wirtschaftszweig ist derart vom wetter abhaengig wie das baugewerbe";"Neutral";"Positiv";"Negativ"
"168";"dass dabei freigrenzen ueberschritten wurden, erfuhr das nmu erstmals im juni 2008 vom hmgu";"Neutral";"Positiv";"Negativ"
"169";"der ehemann kann aber darauf verweisen, dass sein geld seine sache sei";"Neutral";"Positiv";"Negativ"
"170";"das tatsaechliche renteneintrittsalter liegt unter den gesetzlichen grenzen bei rund 59 jahren";"Neutral";"Positiv";"Negativ"
"171";"aber ich will auch gleich auf die pferdefuesse zu sprechen kommen, die fuer mich eine zustimmung zu diesen antraegen ausschliessen";"Neutral";"Positiv";"Negativ"
"172";"das kann so ausgestaltet werden, dass keine steuerbelastung anfaellt";"Neutral";"Positiv";"Negativ"
"173";"es war aber nicht festgelegt, was da im einzelnen gemacht werden sollte";"Neutral";"Positiv";"Negativ"
"174";"fuer die regionalen netze werden im jahre 2001 13,5 milliarden dm an die bundeslaender gehen, die diese milliarden in regionalverkehre investieren werden";"Neutral";"Positiv";"Negativ"
"175";"ich habe damals mit herrn ullmann eine ganze reihe dinge gemeinsam gemacht";"Neutral";"Positiv";"Negativ"
"176";"- ich habe meine meinung, die sie kennen, herr duve";"Neutral";"Positiv";"Negativ"
"177";"diese frage richtet sich nicht nur an den kommissar aus portugal, sondern auch an den deutschen bundesinnenminister";"Neutral";"Positiv";"Negativ"
"178";"wichtigste gespraechspartner bei dem aufenthalt von staatssekretaer lengl im juli 1990 waren der ministerpraesident, der fuer die planungs- und die erziehungskommission zustaendigen staatsraete und die minister fuer aussenwirtschaft, fuer arbeit, fuer zivile angelegenheiten und forst sowie der gouverneur der provinz fujian und der oberbuergermeister der stadt shanghai";"Neutral";"Positiv";"Negativ"
"179";"im comic kann man wieder von vorne anfangen, in der realitaet nicht";"Neutral";"Positiv";"Negativ"
"180";"bundeskanzler schroeder sitzt oefter und laenger am gendarmenmarkt als hier im deutschen parlament";"Neutral";"Positiv";"Negativ"
"181";"ich bin deswegen sicher, dass die werften in wismar und in stralsund auch die jetzigen herausforderungen meistern werden";"Neutral";"Positiv";"Negativ"
"182";"ich bin sicher, dass im rahmen dieser prioritaetensetzung auch das auswaertige amt bemueht sein wird, dass diese probleme so weit wie moeglich geloest werden";"Neutral";"Positiv";"Negativ"
"183";"der vatikan ist im vergleich zur kulturministerkonferenz neumodisch";"Neutral";"Positiv";"Negativ"
"184";"v";"Neutral";"Positiv";"Negativ"
"185";"brasilien koennte hier ein vorbild sein";"Neutral";"Positiv";"Negativ"
"186";"jetzt moechte ich aber fortfahren";"Neutral";"Positiv";"Negativ"
"187";"wir lehnen eine solche kahlschlagpolitik ab und fordern: erstens erhaltung aller stahlstandorte";"Neutral";"Positiv";"Negativ"
"188";"lassen sie mich ein letztes sagen, und ich meine das sehr ernst: nach wie vor habe ich die grosse sorge, was wohl geschieht, wenn noch auf jahre hinaus das erlebnis demokratie fuer die polen und fuer viele andere mittel- und osteuropaeer einhergeht mit einer absenkung des lebensstandards und einer jahrelangen durststrecke der entbehrungen";"Neutral";"Positiv";"Negativ"
"189";"frau kollegin schmidt, ich beantworte die frage so, wie ich sie eben auch schon beantwortet habe: ich werde mich erkundigen, ob es solche richtlinien gibt, und werde ihnen dann davon kenntnis geben . .";"Neutral";"Positiv";"Negativ"
"190";"stattdessen sind sie seit monaten vor einer entscheidung zurueckgeschreckt und haben sich lieber von gutachten zu gutachten gehangelt";"Neutral";"Positiv";"Negativ"
"191";"wenn der bildungs-tuev eine neue aussortiermaschine und nicht ein fruehwarnsystem wird, wird sich nichts aendern";"Neutral";"Positiv";"Negativ"
"192";"der skandal ist nicht, dass eine parteispende angenommen und ordnungsgemaess deklariert worden ist, sondern der skandal ist das, was sie hier und heute praesentieren";"Neutral";"Positiv";"Negativ"
"193";"in der erkenntnis zur verfuegung stellt, dass dies ein verschiebebahnhof ist";"Neutral";"Positiv";"Negativ"
"194";"sie sind in ihrer konsequenz ein segen fuer deutschland";"Neutral";"Positiv";"Negativ"
"195";"ob es nun gelingen wird, die auftraggeber der stasi zu verurteilen, ist noch keinesfalls gewiss";"Neutral";"Positiv";"Negativ"
"196";"(ekkehard g ries [fdp]: eine gute beschleunigung";"Neutral";"Positiv";"Negativ"
"197";"fuer diejenigen, die sich nicht kurzfassen koennen oder wollen, haben derart ungehaltene reden zumindest den vorteil, dass die lektuere durchaus etwas laenger dauern darf, als die nach der geschaeftsordnung zugeteilte redezeit dies ausweist";"Neutral";"Positiv";"Negativ"
"198";"wir brauchen keinen run auf die letzten fossilen reserven";"Neutral";"Positiv";"Negativ"
"199";"ist das nicht ein etwas ungewoehnlicher weg, rechtsbedenken der bundesregierung zum ausdruck zu bringen";"Neutral";"Positiv";"Negativ"
"200";"dies in verbindung mit einem neuen einkommensteuerrecht - mit dem wegfall von vielen verguenstigungen und ausnahmetatbestaenden - gibt in der tat die moeglichkeit auch fuer die steuerverwaltung, zu einsparungen zu kommen oder sich in diesem bereich verstaerkt dem zu widmen, was ebenfalls sehr wichtig waere, naemlich regelmaessige und vernuenftige betriebspruefungen";"Neutral";"Positiv";"Negativ"
"201";"- das ist eine bizarre situation, die aber die realitaet in vielen entwicklungslaendern widerspiegelt";"Neutral";"Positiv";"Negativ"
"202";"da waere es beispielsweise moeglich, dies mit der projektfoerderung ueber einen laengerfristigen zeitraum zu verknuepfen, um das hinueberwachsen in den erstenarbeitsmarkt zu befoerdern";"Neutral";"Positiv";"Negativ"
"203";"- herr staatssekretaer, ich frage sie, ob ihnen bekannt ist, dass es einen kabinettsbeschluss der bundesregierung zu einer nationalen biodiversitaetsstrategie gibt, die zur aufgabe hat, dem natur- und artenschutz zur sicherung der lebensgrundlage der menschen in diesem land oberste prioritaet einzuraeumen";"Neutral";"Positiv";"Negativ"
"204";"die ganze welt ist voller anerkennung fuer die deutschen meister, techniker und fachwirte";"Neutral";"Positiv";"Negativ"
"205";"insbesondere das, was sie jetzt vorgelegt habe, fuehre nicht dazu, dass es mehr beschaeftigung und mehr arbeitsplaetze gebe";"Neutral";"Positiv";"Negativ"
"206";"die spd praezisierte die stiftungsidee in ihrem antrag vom oktober 1991, in dem sie die gruendung von drei unselbstaendigen stiftungen unter dem dach des bundesarchivs forderte";"Neutral";"Positiv";"Negativ"
"207";"waeren sie so freundlich, ihren koalitionspartner, den kollegen schmidt, der in den nuernberger nachrichten - man kann die zeitung ja auch nennen - als erster verkuendet hat - es war also kein wahlkampfthema";"Neutral";"Positiv";"Negativ"
"208";"nachdem uns die erste beratung dieses gesetzes vor kurzem als nacht-und-nebel-aktion zugemutet wurde, findet die abschliessende beratung nur als schlusslicht der parlamentswoche statt, sozusagen als vorweihnachtsgeschenk an den generalbundesanwalt und das bundeskriminalamt";"Neutral";"Positiv";"Negativ"
"209";"die fdp-bundestagsfraktion begruesst den gesetzentwurf als massgeblichen schritt zur vereinfachung der verbringung von ruestungsguetern und zur schaffung einheitlicher marktstandards auf dem europaeischen ruestungsmarkt";"Neutral";"Positiv";"Negativ"
"210";"denn bei dem einsatz umfangreicher investitions- und foerdermittel konnte man gefahr laufen, dass der vertrag nicht unterzeichnet wird, da sich die verhandlungen von 1995 bis 1997 hingezogen haben, vorher aber schon an den konzern gelder gezahlt worden sind";"Neutral";"Positiv";"Negativ"
"211";"sie wollen am ende - da muessen sie ganz ehrlich sein - das alte sozialistische motto durchsetzen: allen soll es gleich schlechtgehen";"Neutral";"Positiv";"Negativ"
"212";"durch aufbauhilfe ist dort eine menge geleistet worden: doerfer sind wieder aufgebaut worden, die kinder dort werden beschult, und es gibt dort keine kindersoldaten mehr";"Neutral";"Positiv";"Negativ"
"213";"ich kann es fast schon nicht mehr hoeren, dass sie von der europaeischen union immer als einer militaerunion und aehnlichem sprechen";"Neutral";"Positiv";"Negativ"
"214";"das anforderungsschreiben des generalsekretaers der vereinten nationen vom 12. ap ril 1993 beruecksichtigt diese vorgaben und verwendet dabei teilweise woertliche formulierungen aus dem deutschen angebot gemaess dem genannten kabinettbeschluss vom 17. dezember 1992. diese tatsache bewerten wir als besondere ruecksichtnahme des generalsekretaers der vereinten nationen auf deutsche belange";"Neutral";"Positiv";"Negativ"
"215";"der dritte punkt ist die haushaltskonsolidierung";"Neutral";"Positiv";"Negativ"
"216";"ich habe die frage gestellt, ob sich die kollegin darueber im klaren ist, dass die steuersystematik so ist und deswegen der weg, der jetzt offensichtlich ueber den grundfreibetrag eingeschlagen wird, ein grundverkehrter ist";"Neutral";"Positiv";"Negativ"
"217";"herr kaster, machen sie sich nicht laecherlich";"Neutral";"Positiv";"Negativ"
"218";"der gedanke zielt darauf ab, dass auch in diesem bereich deregulierung, privatisierung und wettbewerb eine immer groessere rolle spielen muessen und dass der staat, hand in hand mit der privatwirtschaft, auch entsprechende privatwirtschaftliche aktivitaeten zulassen muss . .";"Neutral";"Positiv";"Negativ"
"219";"vielen dank";"Neutral";"Positiv";"Negativ"
"220";"viele eltern empfinden es als bevormundung - auch das darf ich an dieser stelle sagen -, wenn sie feststellen, dass die lebensentscheidungen, egal wie sie ausfallen, in eine gewisse rangfolge gestellt werden, wenn sie feststellen, dass nur das eine lebensmodell politisch korrekt und zulaessig ist, ein anderes, naemlich die entscheidung, fuer eine gewisse zeit oder dauerhaft fuer kinder zu hause zu bleiben, als verzopft, laecherlich oder altmodisch dargestellt wird";"Neutral";"Positiv";"Negativ"
"221";"meine frage an sie: werden sie sich als minister fuer die neuen bundeslaender bei ihrem kollegen fuer wirtschaft dafuer einsetzen, dass die mittel fuer die deutsche zentrale fuer tourismus erhoeht werden ; denn dort werden die gelder sehr intelligent, innovativ und nachhaltig eingesetzt, vor allem fuer die maerkte osteuropas, russlands und chinas, zu denen die neuen bundeslaender traditionell gute verbindungen haben";"Neutral";"Positiv";"Negativ"
"222";"ich bitte sie sehr darum, dass wir uns in diesem punkt in den naechsten zehn oder 15 jahren - solange werden wir uns damit befassen - nicht auseinander - dividieren und nicht die eine gruppe von zuwanderern gegen die andere gruppe in der deutschen oeffentlichkeit ausspielen lassen";"Neutral";"Positiv";"Negativ"
"223";"man koennte sicher noch eine menge an motivationen nennen";"Neutral";"Positiv";"Negativ"
"224";"dies entspricht im uebrigen auch der intention des asienkonzepts der bundesregierung";"Neutral";"Positiv";"Negativ"
"225";"die weisung der ministerin muss deswegen zurueckgenommen werden, und ich schliesse mich einfach dem antrag von buendnis 90/die gruenen und spd an";"Neutral";"Positiv";"Negativ"
"226";"wir sollten die diaetendiskussion von dem trennen, was wir hier tun";"Neutral";"Positiv";"Negativ"
"227";"herr kollege schmidbauer, haben sie eigentlich die fragen ueberprueft, ob herr mauss gegen nationale strafvorschriften verstossen hat, wenn er seine aktivitaeten in fremden laendern entfaltet hat, ob sich die bundesregierung moeglicherweise dem vorwurf der beihilfe zu straftaten gegen fremdes recht aussetzt, wenn sie ihn unterstuetzt, und ob bei solchen aktivitaeten die souveraenitaet eines landes,";"Neutral";"Positiv";"Negativ"
"228";"ich haette gerne gewusst, wie viele derjenigen, die hier einwandern, tatsaechlich rentenberechtigt sind, wie viele also prozentual leistungen aus der rentenversicherung beziehen, und ob die tendenz steigend oder fallend ist . .";"Neutral";"Positiv";"Negativ"
"229";"ich will ihnen aber gern versichern, dass mir das problem bekannt ist und dass wir noch in dieser woche ausserhalb der gemeinsamen sitzung des kabinettsausschusses neue laender und der saechsischen staatsregierung mit den an dem problem beteiligten zu einem ersten gespraech zusammenkommen werden";"Neutral";"Positiv";"Negativ"
"230";"gerald thalheim, parl staatssekretaer bei der parl staatssekretaer gerald thalheim 14888 landwirtschaft: die bundesregierung - das ist auch die aussage von frau bundesministerin kuenast - hat sich bereits beim letzten agrarrat auf der europaeischen ebene dafuer eingesetzt - dies wird sie auch in zukunft tun -, dass fuer drittlandimporte der gleiche standard gilt wie fuer ware, die in deutschland hergestellt wird";"Neutral";"Positiv";"Negativ"
"231";"ich halte es fuer richtig, dass aus dem haushaltstitel der begriff „rechtsextremistisch“ gestrichen worden ist";"Neutral";"Positiv";"Negativ"
"232";"herr kollege wernitz, sie haben einerseits vom bodenschutz und andererseits vom schutz der luft gesprochen";"Neutral";"Positiv";"Negativ"
"233";"diese regelung steht auch im einklang mit art. 12 des grundgesetzes";"Neutral";"Positiv";"Negativ"
"234";"stimmen sie mir des weiteren zu, dass ihr parteikollege roland koch jetzt wohl offensichtlich nicht noch einmal den gleichen fehler machen will - zu dem ergebnis kommt man, wenn man ins wahlprogramm schaut -, naemlich in hessen studiengebuehren einzufuehren";"Neutral";"Positiv";"Negativ"
"235";"wir handeln als bundesregierung darum ganz im sinne der beschlussempfehlung des ausschusses fuer kultur und medien vom mai letzten jahres, die ich ausdruecklich unterstuetze";"Neutral";"Positiv";"Negativ"
"236";"wir sind auch stolz, dass wir beim ersten block von badenwerk und evs unterstuetzt werden";"Neutral";"Positiv";"Negativ"
"237";"warum werden jetzt nur absichtserklaerungen formuliert, denen aktuell nichts folgt, obwohl wir das wissen und auch sie der auffassung sind, dass wir nicht abwarten duerfen, bis die dinge zum problem werden";"Neutral";"Positiv";"Negativ"
"238";"die gruende fuer den zuwanderungswunsch spielen im geregelten verfahren keine rolle und werden den auslandsvertretungen von den antragstellern im allgemeinen auch nicht mitgeteilt";"Neutral";"Positiv";"Negativ"
"239";"frau staatssekretaerin, unabhaengig von der tatsache, dass mir die staatssekretaerin hendricks auf die frage, ob die steuerliche absetzbarkeit von sozialversicherungspflichtigen haushaltshilfen abgeschafft werden solle, geantwortet hat, dass die bundesregierung derartiges nicht plane, wuerde ich gerne wissen, ob sie mir darin zustimmen, dass nicht nur die tatsaechlich im haushalt beschaeftigten mit einschraenkungen rechnen muessen, sondern dass das weitere kreise zieht, naemlich dass, wenn die steuerliche absetzbarkeit von sozialversicherungspflichtig im haushalt beschaeftigten arbeitnehmerinnen und arbeitnehmern abgeschafft wird, die wahrscheinlichkeit, dass diese nicht weiterbeschaeftigt oder in anderen beschaeftigungsverhaeltnissen beschaeftigt werden, mit dem umstand kumuliert, dass in aller regel die frau, die in der zeit arbeiten geht, in der sich die haushaltshilfe um den haushalt und um die kinder kuemmert, auch nicht mehr in der lage waere, ihrer arbeit nachzugehen und damit durch ihre politik heim an den herd geschickt wuerde ? .";"Neutral";"Positiv";"Negativ"
"240";"genau das ist der inhalt des konzepts von cdu/csu";"Neutral";"Positiv";"Negativ"
"241";"ich danke fuer ihre aufmerksamkeit";"Neutral";"Positiv";"Negativ"
"242";"wenn das zeigen soll, dass sie forschung verstaatlichen, sind wir in der tat auf einem guten weg";"Neutral";"Positiv";"Negativ"
"243";"vielmehr ging es um die frage des zusammenspiels von bund und laendern im prozess der einfuehrung";"Neutral";"Positiv";"Negativ"
"244";"hintergrund der flexiblen mechanismen ist, dass es im hinblick auf den oekologischen effekt voellig egal ist, wo klimaschaedliche treibhausgase verursacht oder verringert werden";"Neutral";"Positiv";"Negativ"
"245";"denn damit sind sozusagen die hauptsignale fuer die finanzierungsvereinbarung zwischen stadt, land, bund und bahn auf gruen gestellt";"Neutral";"Positiv";"Negativ"
"246";"wir fordern des weiteren ein europaeisches bzw. moeglichst internationales akkreditierungs- und zertifizierungssystem sowie die gesetzliche verankerung eines -indikatorensystems fuer die verpflichtende unternehmensberichterstattung";"Neutral";"Positiv";"Negativ"
"247";"die europaeer haben parallel zu den amerikanischen vorstellungen eigene vorstellungen dazu entwickelt, wie man den friedensprozess foerdern kann und wie man insbesondere dann, wenn man die drogenproduktion und den drogenhandel zurueckdraengen will - das muss man ; das ist unser politisches ziel -, gleichzeitig den campesinos, den bauern, andere erwerbsquellen zur verfuegung stellen kann";"Neutral";"Positiv";"Negativ"
"248";"der bundesaussenminister hat dafuer ganz ausdruecklich die zustimmung der spd";"Neutral";"Positiv";"Negativ"
"249";"die fraktion die linke lehnt die einfuehrung von reits in deutschland ab, unter anderem - viel kann man in vier minuten nicht sagen - aus folgenden gruenden: die bundesregierung behauptet, reits seien noetig - das ist auch hier gesagt worden -, weil hohe eigenbestaende an immobilien in den deutschen unternehmen gehoben werden muessen, um ihre wettbewerbsfaehigkeit zu verbessern";"Neutral";"Positiv";"Negativ"
"250";"die gruenen sind seit jahren fuer ihre waehlerschaft mit dem ziel angetreten, die wehrpflicht abzuschaffen";"Neutral";"Positiv";"Negativ"
