doc_id;username;retweet_count;favorite_count;full_text;label;topic
6216;voglerk;0;0;@UweNess @jensspahn Ich halte diese These fuer puren Ableismus.;negative;
28502;ChristophFDP;1;34;Immer noch sind HIV und AIDS Gruende, den Kontakt zu Betroffenen abzubrechen. Das betruebt. Lasst uns weiter dafuer kaempfen, diesen beschi***** Virus zu besiegen und vor allem: Bietet denen, die gegen ihn kaempfen, einen Platz in eurer Mitte. WorldAIDSDay TM;negative;Corona
6134;FrankSchwabe;2;0;@Nordkurier Und damit ist das Thema uebrigens fuer Karin Strenz auch noch nicht durch. Sie laesst weiterhin entscheidende Fragen unbeantwortet. Und letztlich hat sie durch ihre politische Taetigkeit mindestens 22.000 Euro aus Aserbaidschan erhalten, die sie ja wohl auch nicht abgegeben hat.;negative;
19742;fbrantner;0;6;Viel Erfolg Gerhard! So eine wichtige Arbeit!;positive;
26510;AndreasBleckMdB;38;140;Verstaerkte Grenzkontrollen werte ich als einen Schritt in die richtige Richtung! Die AfD setzt sich mit aller Kraft fuer permanente Grenzkontrollen ein!;positive;Grenzkontrollen
45221;HeikoMaas;12;68;Das Institut fuer Zukunftsenergiesysteme (IZES) traegt mit seiner Arbeit dazu bei, dass wir eine lebenswerte Zukunft haben: Es treibt von Saarbruecken aus die globale Energiewende voran. Mir war es eine Ehre, heute zum 20. Jubilaeum sprechen zu duerfen. Danke fuer die wichtige Arbeit!;positive;Klima/Energiewende
12049;gydej;0;2;Endlich wieder ein kuerzerer Weg zur Arbeit. GoodJob DasBestefuerSH Infrastruktur;positive;Infrastruktur
15150;RKiesewetter;0;0;@k_norden @BangertNorbert @Luisamneubauer Was sollen solche Beleidigungen? Sie halten leider Kritik nicht aus und auch nicht Tatsachen. Schade.;negative;
34724;victorperli;1;2;@OlafScholz hat einen Negativrekord im Bundestag aufgestellt. Erst nach 91 Tagen Amtszeit laesst er sich im Haushaltsausschuss blicken. Kein Finanzminister hat sich so viel Zeit gelassen. Dafuer haben ihn alle Oppositionsfraktionen geruegt (ausser die handzahme AfD). WoistScholz;negative;
17369;AfDNbg;0;2;Ja es ist schon ein Graus fuer den Spiegel. Es will einfach nicht klappen, die AfD bleibt konservative. Der Spiegel sollte sich langsam Mal Gedanken machen, warum seine Verkaufszahlen in den Keller fallen. Mit diesem Gesinnungsjournalismus ist bald kein Brot mehr zuverdienen.;negative;
25902;CarenLay;0;2;@TobiasSchilling @juliannyca @egobischof @welt Umso schlimmer, dass dann ausgerechnet Nazis zum Kaffeekraenzchen geladen werden.;negative;Right
26503;berndsiebert;0;0;Bin entsetzt ueber das widerliche Flugblatt von Chaoten die zur Jagd auf Soldaten aufrufen. Bild;negative;
14804;DirkSpaniel;2;13;@JoanaCotar Diese Aussage ist an Widerlichkeit nicht zu ueberbieten.;negative;
43928;stonie_kiel;0;3;Kanalsteurer am NOK - koennen jetzt auch Kurzarbeitergeld bei der @Bundesagentur beantragen - danke @BMAS_Bund  @BMVI fuer die zuegige Reaktion trotz Urteils des Landesarbeitsgerichts SH.  Dennoch hoffe ich, das der Einbruch am Nord-Ostsee-Kanal nicht so hart wird. Coronakrise;positive;Corona
1165;Schmidt_MdB;0;2;Dobrindts und Seehofers Aussagen sind ein klarer Angriff gegen unseren Rechtsstaat! Dass vor allem Innenminister Seehofer den Schwaechsten aus Zeit- und Kostengruenden das Einspruch- und Klagerecht absprechen will, ist mehr als daneben. @BMI_Bund @CSU;negative;
22467;kaygottschalk1;0;0;Damit ist die Tuerkei auf lange Sicht als EU Beitrittskandidat untragbar!;negative;Europe
1835;svenlehmann;24;66;Unfassbar: In NRW ist fast jeder fuenfte Mensch arm. Und Schwarz-Gelb will die Arbeitslosenzentren nicht mehr finanzieren. Diese Zentren sind so wichtig. Es ist sozial kalt, gerade Menschen in Armut die oft einzige Anlaufstelle wegzunehmen, @ArminLaschet!;negative;Soziales
53342;MariaKlSchmeink;0;3;@K_SA War eine gute Diskussion gestern. Und dann so ein  Nachthimmel im Gehen. Wunderbar;positive;
7588;sebast_hartmann;0;3;Herzlichen Dank an die SPD Rhein-Kreis Neuss fuer die Einladung gestern. Wir sind gerne vorbeigekommen, um uns und unsere Ideen fuer die NRWSPD vorzustellen.;positive;
25931;Petra_Sitte_MdB;5;76;Heute im Buero. Bei allem Ernst der Corona-Pandemie. Dass ich das erleben darf. Vermummung im Bundestag ist legal. @Linksfraktion;negative;Corona
11256;agnieszka_mdb;4;35;Ich bekenne: Ich bin jetzt ein Grundsatzprogramm Fangirl. So viele tolle Impulse, so viel Begeisterung bei ueber 400 alten  neuen Mitgliedern, so viel Sinn  so viel Spass - das war ne sehr coole Nummer von @gruenebw gestern in Stuttgart! neuezeitenneueantworten;positive;
50477;danielakolbe;0;0;@diestimme2 @sozialromantik @SPDSachsen @spdde Schoene einfache Welt, in der sie da leben...welche politischen Kraefte werden es denn Ihrer Meinung nach bewerkstelligen, dass es weniger Armut in D gibt?;negative;Armut
1673;sven_kindler;30;68;Statt die Zivilgesellschaft zu staerken und fuer Rechtssicherheit bei der Gemeinnuetzigkeit zu sorgen, will @OlafScholz ihr weitere Knueppel zwischen die Beine werfen. Der Entwurf zielt auf eine Entpolitisierung der Zivilgesellschaft. Und das in diesen Zeiten;negative;
1204;utevogt;4;26;Danke @hubertus_heil Es war schwer auszuhalten was die AfD hier geboten hat. Genau solche Hassreden sind der Naehrboden fuer Gewalt in unserem Land. Niewieder !;negative;Right
32117;n_roettgen;34;217;Was wir in Stuttgart  Frankfurt erlebt haben, sind junge Maenner mit extremer Gewaltbereitschaft. Hier tut sich ein Riss in der Gesellschaft auf, den wir nicht durch deplatziertes Polizei Bashing ueberwinden, sondern durch Praevention, Polizeipraesenz  Strafverfolgung. Dreyer;negative;
24696;DaniLudwigMdB;1;6;Unsere Eilverordnung kam zur rechten Zeit! Die Coronakrise bietet auch die Chance zur Weiterentwicklung der Substitutionstherapie. Diese Chance sollten wir nutzen! @BMG_Bund @Aidshilfe_de;positive;Corona
47818;GottfriedCurio;1006;3670;"Deutschland droht ein zweites 2015, diesmal mit Hardcore-Islamisten, die bis zuletzt gekaempft haben; und was trendet hier? sportstudio DSDS Takemeout und zwei Fussballspiele. Ist das jetzt Desinteresse, Apathie oder das letzte Spielen der Bordkapelle, waehrend das Schiff sinkt?";negative;Flüchtingskrise
52352;f_schaeffler;3;26;Bisher hat die Regierung viel Tam-Tam um ihre Blockchain-Strategie gemacht, doch mehr als heisse Luft hat sie noch nicht produziert. Bundestag;negative;
4913;martinarenner;29;79;Wird gerade viel zu wenig beachtet. Fuer die Beschaeftigten, die in Corona-Krise Alles geben und am Rand des Leistbaren sind, hat Bundesregierung die Arbeitszeit verlaengert und Ruhezeiten verkuerzt. Arbeitszeitschutz wurde hart erkaempft und muss auch in schwierigen Zeiten gelten.;negative;Corona
47048;jensspahn;11;136;Bei der Migration muessen wir steuern und entscheiden, wer zu uns kommt. Gut ausgebildete Fachkraefte sind genau die Art Zuwanderung, die wir brauchen. Sie wollen mit anpacken! Das ist die Zuwanderung, die wir fuer eine gute Zukunft wollen u. vor allem brauchen. DLT19 @Junge_Union;positive;Migration
40160;MatthiasHauer;4;37;Vorsicht ist das Gebot - und nicht Uebermut! Kanzlerin Merkel erklaert klar und gut nachvollziehbar, warum der Reproduktionsfaktor nicht ueber 1 steigen darf. Ansehen! Schon bei 1,1 wuerde das Gesundheitssystem im Oktober seine Grenze erreichen. CoronaVirusDE Corona Coronavirus;positive;Corona
7860;michel_brandt_;16;37;Viel kaputter als Salvini geht kaum. Jetzt weist er die eigene Kuestenwache ab, weil sie Leben rettet. Es ist hoechste Zeit Dublin 3 als gescheitert zu erklaeren. Die sogenannte Koalition der Willigen redet nur waehrend taeglich Menschen sterben. safepassage;negative;
17749;korkmazgt;0;6;Coole Aktion @nrwjusos! Soziale Zukunft gibts nichtfuerlau! Krass, welchen Hass sie auf sich ziehen. @Der_FrederiCo;positive;
34564;stephankuehn;13;61;Auch 5 Jahre nach dem Abgasskandal leidet die Aufklaerung daran, dass die Abgastests ausgerechnet von jener Behoerde durchgefuehrt werden, die durch ihre Kumpanei mit den Autoherstellern monatelang in den Schlagzeilen stand. Und Scheuer tut weiterhin nichts;negative;Abgasskandal
41409;karl_lauterbach;11;73;Bei von der Leyen versinkt das Ministerium offenbar im Chaos. Nur auf die Forderung nach mehr Geld bei jeder Rede kann man sich noch verlassen. Hoffentlich hat das bald ein Ende, das koennen wir uns nicht leisten.;negative;
49588;erwin_rueddel;0;1;Die Eiermaenner sind nun seit 33 Jahren im Karneval aktiv. Herzlichen Glueckwunsch und Dank fuer die Pflege unseres rheinischen Brauchtums.;positive;
27365;olavgutting;0;0;@SpardaVerband Zukunftsrat. Verbraucherschutz und Nachhaltigkeit sind bei Genosswnschaftsbanken in der DNA;positive;
42155;s_muenzenmaier;1;9;Keine klare Linie, keine klare Haltung. Merkel-Gaeste duerfen dank der voellig planlosen Abschiebepolitik bleiben. Und wir stellen wieder einmal fest: Deutschland hat ein (Nicht-)Abschiebeproblem!   TM NieMehrCDU;negative;Flüchtingskrise
38920;SybilleBenning;0;1;Danke und Respekt allen Polizistinnen und Polizisten, die in Hamburg im Einsatz waren! /sb;positive;Polizeiarbeit
57063;HeikoMaas;43;153;Die Todesstrafe widerspricht allen unseren Vorstellungen von Menschenwuerde. Niemand hat das Recht, Menschen als Strafe vorsaetzlich zu toeten.;negative;Todesstrafe
11341;HuberMdB;11;52;Die deutsche Bevoelkerung ist angesichts der Oeffnung der tuerkischen Grenze und Coronavirus in hoechster Gefahr. Aber wo steckt Merkel, wann wurde sie zuletzt gesehen und wird Deutschland ueberhaupt noch regiert? IStandWithGreece;negative;Corona, Merkel
26566;niemamovassat;14;64;@DaniLudwigMdB @Paritaet @BMG_Bund @csu_bt @cducsubt Bin nur noch am Kopfschuetteln. Sie reden von Schadensminimierung und ueberlassen Suchtkranke dem Schwarzmarkt, auf dem jeder Muell verkauft wird. Sie sprechen von Dialog und unterstuetzen die massive Strafverfolgung von Konsumenten. Was soll da der Dialog sein?!;negative;
41184;gtzfrmming;15;73;Die Gruenen wollen Aerzte zur Abtreibung zwingen, also Leben auszuloeschen, statt es zu bewahren.   Das pervertiert die aerztliche Ethik ins Gegenteil, wie sie im Eid des Hippokrates zum Ausdruck kommt. Abtreibung;negative;Abtreibung
24378;saskialudwig17;1;4;Auf keinen Fall darf es dieses neue Gesetz geben. Niemand hat das Copyright auf die einzig wahre Wahrheit!;negative;Gesetzesentwurf
13590;ManuelHoeferlin;0;0;@pc_org @petertauber ich bin auch fuer ein intensiveres Miteinander in der digitalen Gesellschaft ))) npk;positive;
15828;KirstenKappert;0;11;Also, ich fand es schon sehr bizarr, dass gerade Christian Linder findet, es sei an ihm grossspurig der Kanzlerin die Angemessenheit ihrer Rede zu attestieren. bundestag;negative;
8848;KatjaSuding;280;1781;Ich starte nachdenklich in die Woche: Was ist das Leben wert, wenn wir uns die Freiheit zu leben nehmen lassen? Coronakrise Wochenstart;negative;Corona
38582;FrankSchwabe;1;7;Es ist ein gutes Zeichen, dass sich die Parlamentspraesidenten der G7 Laender auf eine Erklaerung zum Schutz der Ozeane geeinigt haben. Wir muessen dringend den Fokus veraendern. Die Ozeane sind nicht in erster Linie ein Wirtschaftsfaktor sondern ein Naturraum. Meeresschutz;positive;Klima
25703;CarenLay;40;210;Die AfD will gleich im Bundestag ueber den rechten Frauenmarsch debattieren. Schon wieder wollen sie Frauenrechte fuer ihren Rassismus instrumentalisieren. Ich spreche fuer die @Linksfraktion: Gib Hass keine Chance! @aufstehengegen @BBgegenRechts;negative;Right
35998;sabineleidig;2;3;Gute Idee von @DietmarBartsch: Das VW-Landeseigentum in Belegschaftseigentum umwandeln. Dieselskandal dieselgate;positive;Dieselskandal
54832;beatewaro;5;4;Soeders Tweet, auch wenn er ihn geloescht hat, ist sogar der CDU peinlich...;negative;
49007;gitta_connemann;5;21;Reichsfahnen vor dem Reichstag - gestuermt von Extremisten und Coronaleugnern. Die Koalition des Grauens. Jeder der Mitlaeufer muss dies bemerkt haben. Demokratie muss aushalten koennen. Aber das war ein Angriff mitten ins Herz von Feinden. Flankiert vom Versagen des Landes Berlin.;negative;Right/Corona
42611;KaiGehring;2;12;Jahresbericht der @ADS_Bund zeigt: Starker Anstieg rassistischer Diskriminierung in Deutschland. Dagegen koennen LADG  Antidiskriminierungsstelle helfen, um nachhaltigen Schutz vor Ort auszubauen. Berlin machts mit @Dirk_Behrendt  @s_k_walter vor!;negative;Right
15117;JuergenBraunAfD;0;4;@hajoschumacher Was tun Journalisten in einer Diktatur? Sie loben die Regierung und agitieren gegen die Opposition.  Merkel Staatsfunk ARDZDF;negative;
10550;DennisRohde;0;0;@webd_markward anscheinend kennen sie die historische dimension ihrer worte nicht. sorry, aber der tweet war einfach widerlich!;negative;
7789;groehe;0;0;Gestern Abend gutes Gespraech ueber Lehren aus Ebolainternationale Zusammenarbeit mit @PresAlphaConde WEF;positive;
8390;niemamovassat;47;227;Die Berliner Polizei ist sehr effektiv. Wenn es gegen links geht. Den Kumpels im rechten Spektrum gegenueber ist man da...feinfuehliger.;negative;Right
41513;Tino_Chrupalla;7;25;+++ Ja zu deutscher Wertarbeit - Ja zum Meisterbrief! +++ Am Donnerstag spreche ich im Deutschen Bundestag ueber die Wiedereinfuehrung des Meisterbriefs. AfD;positive;Meisterbrief
41885;monikalazar;0;5;@MiKellner es war heute eine sehr schoene, abwechslungsreiche und inspirierende Runde und hat viel Spass gemacht! Ist eine gute Idee mit der Ostkonferenz.;positive;
39396;SevimDagdelen;50;141;Waehrend das Gesundheitssystem kollabiert, noch nicht einmal ausreichend Schutzmasken  Atemgeraete gegen Covid19 zur Verfuegung stehen,ist es vollkommen irre, jetzt Milliarden fuer die Anschaffung neuer Kampfjets  atomare (!) Ruestungsprojekte zu verprassen.;negative;Finanzpolitik
16090;LisaPaus;17;49;Ein Gericht hat geurteilt, dass todkranke Menschen Betaeubungsmittel erhalten duerfen, um selbstbestimmt zu sterben. Aber Spahn setzt das Urteil einfach nicht um. Das empoert mich. Deshalb unterstuetze ich die interfraktionelle Erklaerung zur sterbehilfe;negative;Sterbehilfe
25681;MechthildRawert;7;17;Wir freuen uns auf das lesbisch-schwule Stadtfest in Schoeneberg Motzstrassenfest mit Angelika Schoettler und Melanie  Kuehnemann;positive;Diversity
2473;MdbWendt;0;1;Die Idee des Radwegs entlang der S31 unterstuetze ich zum Ausbau der touristischen Infrastruktur und zur...;positive;Tourismus
54814;b_riexinger;0;6;Aber auch viele andere Beschaeftigte brauchen Schutzkleidung und Lohnerhoehungen, mindestens aber Gefahrenzulage statt schoener Worte. Das Kurzarbeitergeld ist zu niedrig. Da haben viele Kolleginnen und Kollegen u.a. von @_verdi mit ihrer Kritik Recht! 3/6;negative;Kurzarbeitergeld
54816;karl_lauterbach;52;441;Ich bin der gleichen Meinung wie @c_lindner in dieser Sache, kommt nicht so oft vor. Aber Gesundheitsminister Spahn steht nicht ueber dem Gesetz. Er darf sich nicht als Herr ueber Leben und Tod inszenieren. Die qualvoll Leidenden haben ein Recht auf die Hilfe des Staates.;negative;Coronapolitik
25855;gydej;0;4;Politik (@sozmiSH/@Heiner_Garg) trifft auf Realitaet: Ein tolles Format mit ehrlichem Gespraech ueber die Zukunft einer immens wichtigen Berufsgruppe - Hebammen. Danke an alle, die diesen Beruf waehlen und Frauen vor, waehrend und nach der Geburt unterstuetzen.;positive;Hebammen
20665;brunnerganzohr;1;14;Es ist unglaublich. Auf unseren Strassen. Hohe Anerkennung fuer alle, die in diesen Tagen gegen die Nazis auf die Strasse gehen.  Chemnitz0109 Chemnitz;positive;Rights
42481;th_sattelberger;49;217;Lieber @jensspahn: Du musst handeln!Realitaetstaugliche Plaene fuer ProduktionLieferung von Masken Schnelltests. Auch @rki_de muss schleunigst Echtzeitdaten liefern. Nur so kann die Wirtschaft wieder angekurbelt werden! So wie jetzt kanns nicht weitergehen;negative;Coronapolitik
8260;Erhard_Grundl;2;12;Dieser Satz ist eine Verharmlosung der Verbrechen der Nazis. Herr Blume ist der erfolgloseste @CSU-Sekretaer aller Zeiten. Nach seinem Debakel beim juengsten Parteitag probiert er es jetzt mit Anwanzen an die Relativierer des 3. Reichs. Ganz armselig! niewieder;negative;Right
52060;b_riexinger;32;87;Milliarden fuer Panzer statt fuer Kitas - so sieht die Prioritaetensetzung der Bundesregierung aus. Statt an der Aufruestungsspirale mitzudrehen, soll sich die GroKo lieber um die Menschen hier kuemmern!;negative;Finanzpolitik
46577;konstantinkuhle;12;97;Eine Brexit-Verschiebung bis 30. Juni 2019 ist ueberfluessig und gefaehrlich. Weder aendert sie etwas am britischen Schlingerkurs, noch duerfen wir zulassen, dass die Legitimitaet der Europawahl und des naechsten Europaeischen Parlaments in Gefahr geraet.;negative;Brexit
9386;MarjaVoellers;0;2;Wir sehen gerade taeglich: Demokratie und ihre Werte sind nicht selbstverstaendlich. Sie wollen immer wieder aufs Neue verteidigt werden. Deshalb unterstuetze ich auch @Unteilbar_ unteilbar menschenrechte demo;positive;Menschenrechte
48514;lgbeutin;10;53;Die Beschaeftigten im Nahverkehr sind unverzichtbar, Ihnen gilt die volle Solidaritaet der @Linksfraktion meine ganze Pressemitteilung unter  Streik Warnstreiks;positive;Warnstreik
10857;DrHollnagel;2;4;Mit ihrer Negativzins-Politik treibt die EZB ein gefaehrliches Spiel. Sie suggeriert, das Geld wuerde reichen. Ueberfaellige Loesungsansaetze werden gar nicht erst gedacht. Das Experiment wird scheitern. Die Schaeden werden die Vorstellungskraft uebersteigen.;negative;Europafinanzpolitik
27336;Uwe_Schulz_AfD;2;4;Die Regierung nutzt den nicht-menschengemachten Klimawandel als Vorwand um eine neue Steuer einzufuehren, die die menschengemachte Fluechtlingskrise gegenfinanzieren soll. Und wieder gibt es genuegend Naive, die glauben, dass Sie was fuers Klima tun.;negative;Finanzpolitik
24247;MaikBeermann;0;1;Facebook muss hier klare Antworten liefern. Darum werden wir am Freitagmorgen in einer Sondersitzung des Ausschusses Digitale Agenda, kritische Fragen stellen. Demokratische Prozesse in solchem Masse zu beeinflussen geht gar nicht! facebook CambridgeAnalytica;negative;Facebook-Skandal
6045;ManuelSarrazin;0;2;@InaRuck @demianvonosten Liebe Frau Ruck, ich halte Ihre Einschaetzung fuer etwas vorschnell und es leider nicht fuer ausgeschlossen, dass die Vorwuerfe von Herrn Lutsenko eher zur Verteidigung von Poroschenko dienen (sollen). Insofern waere ich auch materiell bei diesen sehr quellenkritisch...;negative;
43740;christianduerr;30;239;Heute stellen wir unsere Klageschrift gegen den Soli vor. Fuer uns steht fest: Ueber Steuerpolitik kann man streiten, ueber die Verfassung nicht! @florian_toncar @fdpbt;negative;Steuerpolitik
25102;filizgreen;3;4;Grosser Dank an Landraetin Anna Kebschull und die Verwaltung des @lkosnabrueck fuer die Solidaritaet mit den gefluechteten Kindern. Die Bundesregierung muss jetzt aber trotz und wegen der Coronakrise mehr machen als diesen ersten kleinen Schritt. @vbajus;positive;Flüchtlingspolitik
9940;Beatrix_vStorch;493;1708;Das ist Noetigung, gefaehrlicher Eingriff in den Strassenverkehr. Das trifft den ganz normalen Buerger, der zur Arbeit muss. Extinction Rebellion fuehrt Krieg gegen die arbeitende Bevoelkerung. Das ist ein Angriff auf den Rechtsstaat.;negative;
20294;olliluksic;6;67;Effektive Kontrollen statt pauschale Fahrverbote fuer alle Motorraeder! Es reicht langsam mit den Verboten.;negative;Motorrad
28338;karl_lauterbach;57;593;Im Nachhinein scheint der lokale Lockdown in Guetersloh richtig gewesen zu sein. Da die Zahlen weiter ueber der vereinbarten Grenze liegen sollte er noch bestehen bleiben. Aber so ist der lokale Ausbruch beherrschbar und breitet sich wohl nicht weiter aus;positive;Coronapolitik
3831;TabeaRoessner;3;6;Was fuer eine Realsatire. Und es zeigt, dass so manche das Denken ausschalten, wenn sie den Rechner einschalten.;negative;
18217;saskialudwig17;1;15;In dieser Situation waere eine Mitgliederbefragung nicht nur sinnvoll, fair und machbar, sondern auch basisbefriedend.;positive;Mitgliederbefragung
260;EskenSaskia;0;2;@Marc52089592 @ZDFheute @jensspahn Ich erwaege hier gar nichts. und das habe ich auch mehr als deutlich gesagt: Kein Immunitaetsnachweis, solange die Immunitaet ungeklaert ist. Weit entfernt vom Eintrag in den Impfpass, solange es keine erprobte und gut eingefuehrte, fuer alle zugaengliche, *freiwillige* Impfung gibt.;negative;Coronapolitik
543;VolkerUllrich;3;3;Ja zu Griechenland ist ein gutes Ergebnis. Wie koennten wir sonst glaubhaft machen, die groessere Herausforderung Asyl in Europa zu loesen;positive;Europa
30318;PaulZiemiak;7;50;Die Werkstattgespraeche haben meine Erwartungen uebertroffen. Die Ergebnisse von heute sollen sich in unserem Europawahlprogamm und im Grundsatzprogramm wiederfinden. CDUWerkstatt @CDU;positive;
8024;karl_lauterbach;541;3655;FDP verpestet die Luft indem sie staendig mit einem sinnfreien Plakat (No GroKo) um den Bundestag kreist. Ideenlose leicht schwachsinnige Aktion. Dabei haette doch NUR die FDP die GroKo verhindern koennen, waren aber zu feige dafuer. Nutzt wenigstens ein E-Mobil oder schleppt selbst!;negative;FDP
48123;HildeMattheis;32;83;Fairness im Verfahren sieht meiner Meinung nach anders aus.;negative;
41330;stonie_kiel;1;5;Ich habe unterzeichnet: Aufstehen gegen Rassismus! aufstehen via @aufstehengegen;negative;Right
37857;Martin_Hess_AfD;5;18;Bundesinnenministerium und BAMF tragen erhebliche Mitverantwortung fuer Toetung von Daniel aus Chemnitz. Jahrelang liess man Migranten unbekannten Hintergrunds im Land, @BMI_Bund nahm Fachaufsicht ueber @BAMF_Dialog nicht wahr. Schluss mit diesem Desaster!;negative;Flüchtlingspolitik
35518;StefanRouenhoff;2;32;Mit der neu gegruendeten Projektgruppe Zukunft und Innovation der @cducsubt Antworten auf grundlegende Zukunftsfragen entwickeln+dabei neue Wege gehen! Freue mich, i.d. Gruppe mitarbeiten zu koennen! ThinkOutOfTheBox Vorausdenken InnovativeKonzepteEntwickeln ZukunftGestalten;positive;Innovationen
21040;MarcBernhardAfD;1;4;Bundeswehr am Ende! Von der Leyen als Verteidigungsministerin untragbar! Setzt falsche Prioritaeten. Anstatt Truppe aufzuruesten und Material zu modernisieren, wird Schwangerenbekleidung fuer Soldatinnen angeschafft. @AfDimBundestag @AlternativeBW;negative;Verteidigungsministerin
29907;victorperli;22;90;Sehr erfreulich! Der Haushaltsausschuss hat heute rund 194 Millionen  fuer die Sanierung von 130 kommunalen Sport- und Kultureinrichtungen beschlossen. Als ich das Programm im September fuer 2020 forderte, war die CDU strikt dagegen, weil Laendersache.  Opposition hat gewirkt!;positive;Finanzpolitik
49459;nilsschmid;1;6;Heute endete meine Armenien-Reise. Trotz grosser Herausforderungen gab es seit der Samtenen Revolution im Fruehjahr 2018 viele Fortschritte hin zu mehr Demokratie. Es ist deshalb wichtig, dass wir das suedkaukasische Land weiterhin bilateral und im Rahmen der EU unterstuetzen.;positive;
9173;NicoleGohlke;2;8;gut, dass Bundestag Armenien -Resolution verabschiedet, angreifbar ist das aber wg Nicht-Anerkennung d. deutschen Voelkermords in Namibia;positive;
39108;ABaerbock;49;213;Wir brauchen eine andere Verkehrspolitik - weg von Benzinern und Diesel, hin zu emissionsarmer Mobilitaet. Das ist auch eine soziale Frage. Denn unter schlechter Luft leiden die, die sich die Wohnung an der verkehrsberuhigten Strasse nicht leisten koennen.;negative;Verkehrspolitik
29804;Fabiodemasi;22;114;Das Haftungsprivileg der Wirtschaftspruefer gehoert ausserdem endlich reformiert. Dass Olaf Scholz der Finanzaufsicht noch am Montag einen guten Job zu Wirecard bescheinigte, zeugt von voelligem Realitaetsverlust.;negative;Finanzpolitik
21782;b_riexinger;24;75;Statt viel Geld fuer Transitzentren und neuen Milliarden fuer die Bundeswehr, sollte die Bundesregierung Geld in die Hand nehmen und Fluchtursachen bekaempfen. Stattdessen schafft sie weiter Fluchtgruende und bekaempft Symptome auf dem Ruecken Gefluechteter. Haushalt;negative;Flüchtlingspolitik
24664;agnieszka_mdb;0;12;Super Initiative, super Rede! @W_SK zu unserem Antrag fuer ein soziales Europa: Wir brauchen mehr Zusammenhalt in der , denn nur gemeinsam sind wir stark. Und staerkeres Europa geht nur mit mehr Zusammenhalt  Solidaritaet;positive;
40958;bstrasser;3;74;Es waren intensive  arbeitsreiche Jahre seit 2017, aber es war auch eine hochspannende Zeit. Deshalb moechte ich erneut als Bundestagskandidat der @fdp in meinem WK 294 Ravensburg und auf der Landesliste der @fdp_bw kandidieren. Es gibt noch viel zu tun.;positive;
4204;StefingerMdB;0;1;@csu_bt beschliesst in seeon19 Werkswohnungen steuerlich zu beguenstigen. Fuer die Pflegewohnungen in Berg am Laim ein sehr gutes Signal! wirhandeln;positive;Finanzierungspolitik
49514;karl_lauterbach;242;1273;Sehr gutes realistisches Interview zu Covid-19 aus der Klinik. Kein Alarmismus, aber: jede vermiedene Infektion zaehlt. An den schweren Verlauf und die Unberechenbarkeit der Krankheit muss immer erinnert werden. Auch eine klare Absage an die Bundesliga;positive;Corona
32606;;;;Es stimmt dass Palmer kein Rassist ist. Wenn ich aber Thesen vertrete, die fast identisch auch von Rassisten vorgetragen werden, muss ich mit diesem Vorwurf rechnen. Er schadet sich und den Gruenen. Seine Aufmerksamkeitskaempfe werden langsam peinlich;negative;
39084;;;;Ein Minus von 5,5 Prozent bei gefoerderten Sozialwohnungen sind ein Armutszeugnis fuer Horst Seehofer.   Statt den Niedergang beim sozialen Wohnungsbau zu stoppen, gabs HH-Kuerzungen. Zeit fuer Investitionen, laengere Bindung  eine Neue Wohngemeinnuetzigkeit.;negative;Soziales
14666;;;;Nicht die Digitalisierung sei das Problem von Zeitungen und Zeitschriften, sondern eine sich seit Jahren hinziehende intellektuelle und inhaltliche Krise des Journalismus Doepfner attestiert Medienbranche eine Lebensluege;negative;Medienkritik
23294;;;;Herzlichen Glueckwunsch Berlin! Mordhauptstadt Europas. 1. Platz vor Paris und Bruessel. Das muss man erstmal schaffen, werte rot-rot-gruene Koalition. In unserer Hauptstadt ist es wahrscheinlicher ermordet zu werden, als bei einem Autounfall zu sterben.;negative;Berlin
33285;;;;@gruenebochum @thomas_eiskirch @BarbaraJessel1 @Sebastian_Pewny @bischoffhans Der Dank gilt Euch fuer die tolle Organisation. Viel Erfolg;positive;
18304;;;;Gruene Politik in Deutschland - ein Desaster fuer unsere Natur. Aber das kuemmert die Retter des Weltklimas wenig. Waeren Sie hier die Natur zerstoeren, jetten sie gleichzeitig fleissig um die Welt. Man lebt schliesslich nur einmal.;negative;Klima
55888;;;;Endlich greift Spahn unsere Vorschlaege auf. Es braucht jetzt schnellstens einen Pflege-Mindestlohn von 14,50 eine bessere Personalausstattung, weniger Stress und mehr Anerkennung fuer die vielen PflegerInnen in diesem Land! Pflegenotstand;positive;Pflege
31880;;;;Ganz klar - rechtsextremistische Konzerte gehoeren, ebenso wie linksextremistische (Feine Sahne Fischfilet) nicht nach Themar, nicht nach Suedthueringen u. nicht nach Deutschland! Ich unterstuetze friedlichen Protest. nonazis Thueringen @freieswort;negative;Right
54733;;;;Thueringen nimmt 5 Corona-Patienten aus Frankreich auf. Danke, so muss europaeische Solidaritaet in der Krise aussehen! Ein herzliches Willkommen an die Patienten und gute Besserung! COVID19 EuropeUnie;positive;Coronapolitik
21439;;;;Man kann es nicht oft genug sagen, die @cdu ist keine konservative Partei. Merkel diktiert einen Kurs des Machterhalts ohne Werte, Anstand und Inhalt! Anbiedern an eine Partei, die mit den -Hassern von @Die_Gruenen im Bund koalieren will, ist undenkbar!;negative;Merkel
16875;;;;Autoren solcher Texte duerfen gerne mal in meinem Wahlkreis vorbeikommen. Ich habe erstaunlich viele solcher angeblichen Einzelfaelle vorzuweisen. Und dass sich das Phaenomen verstaerken wird, dafuer braucht man eigentlich nur eines: gesunden Menschenverstand!;positive;
3964;karl_lauterbach;1182;8504;Bolsonaro ist eine Katastrophe fuer die Welt. Er ueberlaesst Arme und Alte dem Tod durch Coronavirus und will, dass ihr Schicksal unmenschlich verschwiegen wird. Den Regenwald laesst er abholzen und beschleunigt den Klimawandel fuer alle Menschen. Er muss weg;negative;Außenpolitik, Corona
48042;EskenSaskia;400;6350;Wenn ich sage: ... wuerde ich es sehr begruessen, wenn (wir) all denen, die ... ein soziales Dienstjahr leisten wollen, auch einen Platz (anbieten) und daraus entsteht die Meldung SPD-Chefin offen fuer Pflichtjahr im Dienst der Allgemeinheit, dann ist was schiefgelaufen, oder?;negative;Gesundheitspolitik, Sozialpolitik
54713;karl_lauterbach;367;2872;Gauland hat nicht nur respektlos bei der Rede des israelischen Praesidenten gesessen. Seine Fraktion hat den Beifall verweigert, besonders als es bei Steinmeier um neue Gefahren des Nationalsozialismus in Deutschland ging. Da schien sich die AfD, zu Recht, angesprochen zu fuehlen;negative;AfD, Rechtsradikalismus
14922;alice_weidel;762;2601;Merkel betreibt einmal mehr Europapolitik gegen die Interessen der deutschen Buerger und Steuerzahler, um sich als grosse Europaeerin feiern zu lassen. Rechts- und Verfassungsbruch wird in Kauf genommen. Merkel und Macron sind die Totengraeber der Demokratie in Europa! EUGipfel;negative;EU, Außenpolitik
23676;karl_lauterbach;336;2265;Den Pandemie-Notfall fuer beendet zu erklaeren waere Fehler. Es setzt falsches Signal, wir haetten das Virus schon besiegt. Davon kann aber leider keine Rede sein. Fruehestens mit der Impfung ist der Spuk zu Ende. Mit jedem falschen Signal waechst der Leichtsinn;negative;Corona
43491;GregorGysi;516;2156;Pfleger/innen leisten eine harte Arbeit und werden schlecht bezahlt. Das geht ueberhaupt nicht. Wenn wir das Problem loesen wollen, muessen wir erst einmal den Wert dieser Arbeit erhoehen. Da gehts auch nicht um 5 oder 10  Prozent mehr Lohn, da gehts um eine Verdopplung. @ZDF;negative;Gesundheitspolitik, Sozialpolitik
34666;karl_lauterbach;187;2048;Dass Lindner jetzt weiter Ramelow als Spalter diffamiert und Ratschlaege gibt, wer Thueringen regieren soll, zeigt: er hat nichts aus seinem Riesenfehler gelernt. Statt Demut und Groesse zu zeigen, macht er weiter Kampagne. Er spaltet selbst mehr als Ramelow;negative;Innenpolitik, FDP
22401;konstantinkuhle;252;1551;Bonhoeffer wurde am 9. 4. 1945 ermordet. Anne Frank wenige Wochen zuvor. Vielen Menschen waere der Tod erspart geblieben, wenn Nazi-Deutschland seine Gestaltungsmoeglichkeit ein paar Wochen frueher verloren haette. Die AfD steht in der Tradition der dunkelsten Stunde Deutschlands.;negative;AfD, Rechtsradikalismus
56725;SWagenknecht;392;1551;Warum soll die EU kein Gas aus Russland beziehen duerfen waehrend die USA eine Rekordmenge an Oel aus Russland importiert? BuReg darf auf diese Heuchelei von Trump nicht hereinfallen. Fracking-Gas aus den USA ist eine teure und umweltschaedliche Alternative!;negative;Umweltpolitik
40023;karl_lauterbach;232;1431;USA steuern auf menschliche Katastrophe zu. Taeglich sterben schon etwa 1.000 an Covid-19. Das Rettungspaket der Wirtschaft laeuft aus obwohl die Pandemie noch unkontrolliert. Wegen laufender Kredite und Rechnungen muessen bald viele in riskante Arbeit zurueck, was Pandemie verstaerkt;negative;Corona
838;alice_weidel;340;1373;Konjunkturpaket: Die geplante Mehrwertsteuersenkung ist doppelt zu kurz gesprungen. Der Schritt von 19 auf 16 Prozent ist zu gering, um nachhaltige Wirkung zu entfalten und die Befristung ist erst recht unsinnig. Die AfD fordert eine dauerhafte Senkung auf 12 Prozent bzw. 5 Prozent!;negative;Steuerpolitik
15527;MAStrackZi;159;1259;1/x: Meine Damen Herren, Sie sehen an Herrn Breuer hier ein Paradebeispiel dafuer, wie Hetze, Halbwahrheiten  Luegen politischen Diskurs insbesondere auf Twitter vergiften. Denn was nicht ins eigene Weltbild passt, darf nicht sein. Insbesondere im Wahlkampf. Nun zum Inhaltlichen:;negative;AfD, Rechtsradikalismus
38097;Beatrix_vStorch;324;1159;Fluechtlinge: Menschen, die Hilfe suchen und dankbar dafuer sind? Fehlanzeige. Was sind das fuer Leute, die die notwendige Quarantaene missachten und die Polizei angreifen. Helfen sollten wir in der Welt den Armen  Schwachen und nicht den Gewalttaetigen. Suhl;negative;Flüchtlingspolitik
10240;HeikoMaas;151;1099;Europa ist fuer mich nur Europa, wenn die Grenzen zwischen unseren Laendern offen sind. Als heute vor 35 Jahren Schengen unterzeichnet wurde, haben wir einen Riesenschritt nach vorne gemacht auf einem Kontinent, der jahrhundertelang von Kriegen beherrscht war. EuropeUnited;positive;EU
37884;anked;127;1000;+++ EIL+++ Dieser ueberraschende Paukenschlag zeigt das Format von @bodoramelow : Er schlaegt fruehere CDU Ministerpraesidentin  Lieberknecht als Ueberhangs- MP fuer Thueringen vor u macht damit den Weg frei fuer einen Ausweg aus der politischen Krise. Hut ab! ;positive;Innenpolitik, Thüringen
33767;karl_lauterbach;129;978;Eine sehr interessante Studie aus den USA weist darauf hin, dass chronische Aspirin Einnahme das Risiko von Tod und Beatmung bei Covid deutlich senken koennte. Die Ergebnisse sind so klar, dass sogar eine randomisierte Studie zur Bestaetigung sinnvoll waere. ;positive;Corona, Forschung
26480;ABaerbock;90;807;Es ist unwuerdig, dass die GroKo seit 2013 bei der  Wahlrechtsreform nichts hinbekommen hat und auf den letzten Metern eine Scheinloesung vorlegt. Es schadet demokratischer Politik, wenn @cducsubt fuer eigene Vorteile kaempfen anstatt im Gesamtinteresse des Landes zu handeln.;negative;Innenpolitik, GroKo
30836;karl_lauterbach;117;747;Heute ueber Impfkonzepte oder Impfpflicht zu reden  erweckt den Eindruck, die Impfung stehe kurz bevor. Das macht leichtsinnig und ist falsch. Wir wissen heute nicht einmal sicher, OB es eine wirksame Impfung fuer alle gibt, oder zB nur fuer Risikopatienten ;negative;Corona
17396;Beatrix_vStorch;151;717;Nach Thueringen jetzt also auch hoechstrichterlich in Brandenburg: Die Paritaet und damit die Geschlechterapartheid ist tot und das ist auch gut so. Der Staendestaat kannte Gruppenrechte. Das haben wir heute ueberwunden. Gott sei Dank! Frauenquote ist Mittelalter. Meine Rede dazu:;positive;Gleichberechtigung
33174;DietmarBartsch;124;696;Es ist gut, dass die USA beim Truppenabzug nun Naegel mit Koepfen machen. Bitte, vergesst Eure Atomwaffen nicht! Bund und Laender duerfen keine Zeit verstreichen lassen, um eine sinnvolle und nahtlose zivile Nutzung der ehemaligen US-Stuetzpunkte zu ermoeglichen.;positive;Außenpolitik, Nahost
53964;JoanaCotar;210;608;Wieviel Anzeigen muesste wir von der AfD dann wohl schreiben? Was fuer Heuchler! Wenn es sie selbst betrifft, ist das Geschrei gross. Wenn aber dazu aufgerufen wird, AfD-Veranstaltungen zu stoeren, dann wird das von genau diesen Leuten gefeiert. Spahn CDU ;negative;AfD
40400;karl_lauterbach;69;586;Das Verhalten der CDU beschaedigt das Ansehen der Partei. Ein so transparentes Gerangel um Mandate und Macht, einschliesslich des verlogenen Paktes mit der AfD, muss aus Berlin beendet werden. Das hatte die CDU im Koalitionsausschuss zugesagt und muss sein;negative;Innenpolitik, CDU, AfD
53896;jensspahn;62;586;Der Handschlag mit Hoecke ist ein fatales Signal. Es darf keine Regierung geben, die von diesem Radikalen abhaengt. Ein geordneter Prozess zu Neuwahlen ist der richtige Weg nach vorn. All unsere Energie muss jetzt darauf zielen, das Vertrauen in die demokratische Mitte zu staerken.;negative;Innenpolitik, CDU, AfD
49348;berlinliebich;11;519;Ich moechte mich fuer die vielen freundlichen Worte bedanken, die mich gestern aus allen demokratischen Parteien erreicht haben, vor allem aus meiner @dieLinke. Und es waren einige dabei, die meinen Entschluss bedauert haben, bei denen ich nun wirklich nicht damit gerechnet habe.;positive;?
10259;niemamovassat;195;502;Die Lage in Moria auf Lesbos ist dramatisch. Die Essensversorgung fuer Kinder u. Jugendliche ist auf 1000 Kalorien reduziert. Wasser massiv rationiert. Die Menschen sind Angriffe von Faschisten immer mehr hilflos ausgesetzt. HOLT DIE LEUTE DA RAUS! savethem;negative;Flüchtlingspolitik
36239;katjakipping;97;496;Wie oft noch will die Tuerkei den Nordirak bombardieren? Wie oft noch will die Bundesregierung schweigen, wenn Erdogan die jezidische und kurdische Bevoelkerung terrorisiert? Es ist nur noch beschaemend, wie wenig die Rechte der Jeziden und Kurden im Kanzleramt zaehlen.;negative;Außenpolitik, Nahost
1117;niemamovassat;77;401;(1) Die neue Verachtung gegen die Wissenschaft, die man von Kubicki, Laschet und Coronaleugnern hoert ist brandgefaehrlich.   Da braut sich eine Melange zusammen: Auf der Strasse die Leugner, in politischer Verantwortung Leute, die es befeuern und die Ignoranz praktisch umsetzen.;negative;Corona, Experten
8816;HeikoMaas;52;299;In ihrer groessten Krise mit fast 200000 Toten und einem historisch einmaligen wirtschaftlichen Absturz hat die vermeintlich zerstrittene und oft abgeschriebene EU sich und der Welt bewiesen, was Solidaritaet bedeutet. Habe das bei Botschafterkonferenz in Paris betont. EuropeUnited;positive;EU
23064;renatekuenast;5;259;@olafstampf @CiesekSandra @bredow @VHackenbroch ??? Einschuechterung dieser erfolgreichen Frau durch @Spiegel? Das ist laecherlich, lenken Sie nicht ab! Es geht um ihre Fragen und wo die her kommen, welche Werte die ausdruecken! Frau braucht kein Mitleid,  aber andere brauchen Reflexion.;negative;?
35515;GoeringEckardt;111;252;Die Lage der Gefluechteten auf Lesbos bleibt so dramatisch wie nach dem Brand von vor einem Monat. Statt Feuer ist es nun der Regen, der die ohnehin prekaere Situation der Menschen nochmal verschlimmert. Die Europaeischen Staaten duerfen diese katastrophalen Zustaende nicht hinnehmen!;negative;Flüchtlingspolitik
32832;peteraltmaier;18;231;Ganz grossen Glueckwunsch an NRW: Ueber 83  Prozent fuer die demokratischen Parteien der Mitte!!! Dieser Verantwortung muessen wir gemeinsam gerecht werden! Grossen Glueckwunsch auch fuer meine CDU: Ein grosser Vertrauensbeweis so vieler BuergerInnen! Ihr koennt Euch weiter auf uns verlassen!;positive;Innenpolitik, CDU
19292;niemamovassat;16;213;@GdPPresse Sie reden von anti Menschen. Das stellt eine Entmenschlichung dar. Wuerde Staat so reden, wuerden wir ueber eine Verletzung des Art. 1 Abs. 1 GG reden. Zudem suggerieren sie, dass Antifaschisten RAF Nachfolger sind.   Doch, sie haben sich alle Muehe gegeben.;negative;Rechtsradikalismus
40470;konstantinkuhle;20;204;Das heutige Verbot einer Reichsbuerger-Gruppe ist richtig. Diese werden mitunter immer noch als blosse Irre verklaert. Tatsaechlich bereiten sie nicht nur den Boden fuer rechtsextreme Gewalt. Es geht durch zunehmende Milianz und Bewaffnung auch von ihnen selbst eine Gefahr aus. @fdpbt;positive;Innenpolitik, Rechtsradikalismus
40779;sven_kindler;37;201;Die CDU Thueringen paktiert erst mit Faschisten und dann blockiert sie Neuwahlen, weil sie Angst vor der Bevoelkerung hat. Und @akk und die Bundes-CDU stehen hilflos daneben und machen gute Miene. Wahnsinn, wie zerrissen die CDU ist. Die Huette brennt. Lichterloh.;negative;Innenpolitik, Rechtsradikalismus
27484;johannesvogel;24;197;Es ist ein beschaemender Mangel an Fairness, dass unser Sozialstaat diejenigen behindert, die aus der Beduerftigkeit heraus wachsen wollen. @c_lindner fordert zurecht, die Zuverdienstegeln bei Hartz IV endlich zu reformieren! Auch das ist eine Frage von Aufstiegschancen! 3K20;negative;Sozialpolitik
3726;PaulZiemiak;31;181;Die @CDUNRW_de ist mit Abstand die staerkste Kraft bei der Kommunalwahl2020. Damit bleibt die CDU die praegende Kommunalpartei in Stadt und Land. Herzlichen Glueckwunsch an alle Wahlkaempferinnen und Wahlkaempfer vor Ort! Ihr habt grandios gekaempft! Vielen Dank fuer Euren Einsatz!;positive;Innenpolitik, CDU
45137;jankortemdb;35;181;In Deutschland landen pro Jahr 11 Mio. Tonnen Essen auf dem Muell  fast eine LKW-Ladung pro Minute. Trotzdem wird Containern weiterhin als Straftat geahndet. Eine Ungerechtigkeit sondergleichen! Wenn das @BVerfG nicht entscheiden moechte, muss die Koalition endlich handeln!;negative;Umweltpolitik
25336;katjakipping;11;177;Zwischen dem Irrsinn jetzt mal ein Danke an die inzwischen 100.000 Follower*innen, die mich von Anfang an oder auch erst seit kurzem hier mit Witz  kollektiver Intelligenz begleiten. Veraendern wir dieses Land. Sozial, friedlich, gerecht, antifaschistisch   freiheitsliebend.;positive;?
47743;n_roettgen;55;174;Assads Truppen, unterstuetzt von RUS  Iran, haben eine erbarmungslose Offensive auf Idlib gestartet. RUS bombardiert Zivilisten. Wer kann, ist geflohen. Wir erleben die schlimmsten Kriegsverbrechen  Putin beweist einmal mehr: Alles was er in der Region kann  will, ist Krieg.;negative;Außenpolitik, Nahost
39549;karl_lauterbach;22;166;(2) RT-LAMB Test als SchnellPCR, in UK schon zugelassen, bringt Testergebnisse mit sehr guter Sensitivitaet in 75 min. Ist fuer weniger als 10 durchfuehrbar, weniger Reagenzien, nicht auf Labore angewiesen. Auch sind mittlerweile Antigen-Tests zum Selbsttesten kurz vor Zulassung;positive;Corona, Forschung
35724;katjakipping;17;164;Auch wenns bei NeueLinkeMehrheiten um inhaltl. Notwendigkeiten geht, weil wir Klimaschutz, Friedenspolitik  sozialenSchutz fuer alle nur erstreiten koennen, wenns Mehrheiten ohne CDU gibt, freut mich das. Als ich anfing dafuer zu werben, sagten viele: das reicht rechnerisch nie.;positive;Innenpolitik
5412;HeikoMaas;16;163;Dabei war Enver imek so kreativ und so erfolgreich, dass er seinen Fabrikjob aufgeben und bald schon mehrere Mitarbeiter einstellen konnte. Gemeinsam mit seiner Frau und den beiden Kindern lebte er in Hessen, baute sich was auf. (3/5);positive;?
18262;PaulZiemiak;21;147;Schulen sind auch Orte der Herzens- und Charakterbildung. Unser Parteifreund Walter Luebcke hatte Herz und Charakter. Er wurde von einem Rechtsradikalen ermordet, weil er fuer andere einstand. Ein starkes Zeichen, dass die Schule in Wolfhagen jetzt seinen Namen traegt. Danke!;positive;Innenpolitik
43013;BriHasselmann;39;127;Wem wollen CDU, CSU und SPD eigentlich erzaehlen, dass ihre Wahlrechtsreform etwas bringe? Sie sollten zu den Buerger*innen ehrlich sein und eingestehen, dass sie mit der Reform voellig gescheitert sind. Ihr Gesetz ist grottenschlecht. Der Bundestag wird wohl weiter wachsen.;negative;Innenpolitik, GroKo
45427;rbrinkhaus;14;127;Vielen Dank an die Bundespolizei, nicht nur fuer den hohen persoenlichen Einsatz jeden Tag, sondern auch dafuer, dass wir heute einen Blick hinter die Kulissen werfen durften. Wir als @cducsubt stehen an der Seite der Bundespolizei und der 41.000 Polizistinnen und Polizisten!;negative;Innenpolitik, Polizei
17148;larsklingbeil;13;123;Freitag war ich in NRW unterwegs um ein wenig bei der Kommunalwahl zu unterstuetzen. Hat Spass gemacht! Geht am 13. September alle waehlen und ich haette da einen Tipp wo ihr das Kreuz gut machen koennt! SPD NRWSPD;positive;Innenpolitik, Wahlen
47552;MAStrackZi;9;115;Nicht nur viel zu wenig PolizistInnen, die sich Irren,Nazis  Verschwoerern unter grossem persoenlichen Einsatz in Weg stellen mussten, wurden straeflich im Stich gelassen. Es wurden auch unertraegliche Bilder am Herz unserer Demokratie zugelassen, die niemals haetten entstehen duerfen.;negative;Polizei, Rechtsradikalismus
13307;EskenSaskia;3;97;@the_asta @hubertus_heil Da stimme ich Dir absolut zu! Damit die Rente verlaesslich und stabil bleibt, muessen wir zukunftsfaehige Konzepte entwickeln, die alle einbeziehen und allen zugute kommen. Die wichtigste Grundlage fuer gute Renten sind und bleiben aber gute Loehne.;positive;Sozialpolitik
52270;niemamovassat;19;97;Diese Zeitung ist ein Organ der Niedertracht. Es ist falsch, sie zu lesen. Jemand, der zu dieser Zeitung beitraegt, ist gesellschaftlich absolut inakzeptabel. Es waere verfehlt, zu einem ihrer Redakteure freundlich oder auch nur hoeflich zu sein. Max Goldt BILD CoronaVirusDE;negative;Medien
39053;b_riexinger;13;92;So wird das nichts mit den Klimazielen. Das Jahr 2038 fuer den Kohleausstieg ist zu spaet. Weitere Subventionen in Milliardenhoehe sind auch eher ein unnoetiges Wahlgeschenk von Scholz an die Kohleindustrie. Die Mitarbeiter und der Klimaschutz haben nichts davon.;negative;Umweltpolitik
5270;anked;11;83;Auf meine Frage, ob die CoronaApp auch ohne Playstores verfuegbar sein wird, gab es ein enttaeuschendes: nein, vielleicht spaeter mal, auf jeden Fall nicht zu Beginn. Apropos: einen neuen Zeitplan gibt es nicht, auch keinen ungefaehren. ContactTracingApp COVID19de  /10;negative;Corona
6132;MiRo_SPD;12;83;Der Frauentag  geht vor allem auch uns Maenner an. Geschlechtergerechtigkeit tut allen gut. Kein Kerl muss Angst davor haben, wenn Frauen gleichermassen mitreden  mitentscheiden wie wir. Denn niemandem wird etwas weggenommen. Wir gewinnen. Und zwar alle. womensday MaleAllies;positive;Gleichberechtigung
47385;KonstantinNotz;9;76;Der Gruene Laenderrat ist voll gelungen. Danke an die ganze BGSchSt  Man merkt der Berichterstattung aber deutlich an: die Journalist:innen vermissen regulaere Parteitage - das Quatschen in den Gaengen, die Atmosphere in der Halle, das ganze Drum und Dran. Das geht mir genau so.;positive;Innenpolitik
48333;GoeringEckardt;8;71;Swetlana Tichanowskaja fuehrt die demokratische Opposition in Belarus an. Sie  viele weitere Frauen gehen fuer ihren mutigen Protest unerschuettert auf die Strasse. Was fuer ein Vorbild! Zum 20. Jahrestag der Resolution1325 gilt: Ohne Frauen kein Frieden. @SHEcurity20 SHEcurity;positive;Außenpolitik, Belarus
5104;konstantinkuhle;4;64;@phoenix_de @fdpbt @fdp Der Ausschnitt ist symptomatisch fuer die Probleme, wenn man sich bei der FDP fuer mehr Frauen einsetzt. Die Rede wird verkuerzt und mit Frauenquote versehen. Ich spreche hier aber gerade gegen ein Paritaetsgesetz. Differenzierung geht unter. Aufregung auf allen Seiten. Schade.;negative;Gleichberechtigung
22669;anked;15;62;Niemand wird wohl im Ernst glauben, dass Assange einen fairen Prozess bekaeme. Hier soll ein Exempel statuiert werden, um Journalist:innen, Publizist:innen u ihre Quellen einzuschuechtern. Ein Praezedenzfall, der die Pressefreiheit an ihrem Fundament angreift. Das darf nicht sein!;negative;Medien
52169;BriHasselmann;4;48;Wer mit der AFD im Bundestag,in Landesparlamenten oder vor Ort konfrontiert ist,kennt die Demokratieverachtung,den Hass,die Hetze,den Rassismus u.die Menschenfeindlichkeit,die aus so vielen Reden von AFDlern spricht.Die Maske der AFD ist laengst gefallen.;negative;AfD, Rechtsradikalismus
51372;sven_kindler;10;44;Ach, guck an. Unter 2 gibt die Bundesregierung zu, dass der Bund bei der Lufthansa einen schlechten Deal gemacht hat. Mit den vielen Miliarden haette man deutlich mehr als nur 20 Prozent der Anteile erhalten muessen. Aber neoliberale Ideologie war der Regierung wichtiger  @derspiegel;negative;Wirtschaft
14935;GoeringEckardt;7;42;Dem ist nur hinzuzufuegen: @Ka_Meier zeigt hier, dass es eine junge, selbstbewusste Generation Ost gibt, die europaeisch tickt, die Vielfalt lebt, Vergangenheit mit nimmt und in Zukunft wandelt. So kann man und frau stolz sein. Danke dafuer, Frau Staatsministerin;positive;Innenpolitik
12475;KonstantinNotz;2;41;@Puettmann_Bonn @DLF Eine ziemlich verrueckte Gruppe von wenigen tausend Leuten zieht mit abwegigen bis abstossenden Argumenten durch die Gegend und hat null Rueckhalt in der Bevoelkerung. Berichtenswert daran erscheint vor allem die esoterische bis faschistische Wissenschaftsfeindlichkeit dieser Leute.;negative;Rechtsradikalismus
9435;oezoguz;3;38;Sieht nach einem ziemlich guten Ergebnis fuer die spdhamburg in meinem Wahlkreis wandsbek aus. Da freue ich mich schon mal mit unserem Kreischef @ADressel. Wird noch spannend bis heute Nachmittag fuer die Kandidatinnen und Kandidaten. Hamburgwahl HHWahl SPD;positive;Innenpolitik, Wahlen
45169;n_roettgen;1;36;Lieber@ChristianHirte, vielen Dank fuer die Einladung und den herzlichen Empfang! Ja, wir stehen als Land vor dramatischen Veraenderungen. Das ist angsteinfloessend  ruft in Ost  West unterschiedliche Reaktionen hervor. Umso wichtiger ist es, dass wir noch mehr miteinander reden.;positive;Innenpolitik
48255;BriHasselmann;2;29;Was fuer einen Mut und eine Kraft die  Menschen in Belarus haben, trotz dieser massiven Drohungen des Machtapparats von Lukaschenko sind es so viele Menschen, die fuer Freiheit und Demokratie streiten. Bewundernswert und ich habe tiefen Respekt fuer sie.;positive;Außenpolitik, Belarus
12826;sven_kindler;8;28;Es ist verheerend, dass Angela Merkel mit anderen wenigen Staaten hart gegen einen hoeheren EU-Haushalt gekaempft hat. Sonst haelt die Kanzlerin gerne Reden fuer mehr Europa, aber wenn es drauf ankommt, gibt sie die Knauserin. Verantwortungslos.  EUBudget EUCO;negative;Außenpolitik, EU
16003;MiRo_SPD;2;24;Diese Prios machen mir Mut+spornen uns an: genau darum gehts in EU2020DE! Besonders freue ich mich darueber, dass den Buergerinnen+Buergern Rechtsstaatlichkeit so wichtig ist. Wir wollen die EU als Werte-/Rechtsgemeinschaft staerken. Versprochen! @EU2020DE ;positive;EU
8491;EskenSaskia;2;22;@alexander_jorde @cducsubt Ich finde es nur gerecht, dass die Arbeit insbesondere der Pflegekraefte in Zeiten von Corona durch Praemien anerkannt wird. Mit der gesetzlichen Regelung der Praemien fuer Altenpflegekraefte haben wir sichergestellt, dass sie nicht auf Kosten der Pflegebeduerftigen gezahlt werden.;positive;Gesundheitspolitik, Sozialpolitik
17196;MAStrackZi;2;20;@ms_pieper Der Vorwurf von Lars Klingbeil ist in jeder Hinsicht daneben und falsch. Was in Thueringen passiert ist, ist ein unentschuldbares Desaster. Meine KollegInnen und ich haben uns klar positioniert. Aber dafuer jetzt alle Liberalen in Mithaftung zu nehmen, ist absurd. Gerade bzgl. HH.;negative;Innenpolitik, Thüringen
14716;EskenSaskia;0;15;@LebenmitLiebe @Not1Proud @torsten_hautnah @NowaboFM Die Wirtschaft, das sind Selbstaendige und kleine, mittlere und grosse Unternehmen und ihre Beschaeftigten, die die Folgen dieser Pandemie ziemlich unverschuldet trifft.  Das Symbol hilft einigen besonders schutzbeduerftigen Menschen ganz konkret, und darueber bin ich froh.;positive;Corona, Wirtschaft
46317;oezoguz;1;13;Bin total erschuettert. Weiss noch nicht viel ueber Hintergruende, aber ich moechte den Angehoerigen meine tiefe Anteilnahme aussprechen. Unsere Polizei macht eine so wichtige Arbeit fuer uns alle. Es ist unfassbar mit welcher Brutalitaet sich Menschen zu verhalten bereit sind.;negative;Polizei, Rechtsradikalismus
22295;berlinliebich;1;10;Auch das gehoert zu den GuteNachrichten. Viele Menschen in Deutschland sorgen sich um ihre wegen Corona irgendwo in der Welt gestrandeten Lieben. Auch mich haben in den letzten Tagen dazu einige Anfragen erreicht. Gut, dass @AuswaertigesAmt eine Loesung findet! Danke! ;positive;Corona
3224;Oliver_Krischer;17;68;Eine Fraktion, die 13 Seiten zu GreenDeal Klimaschutz und nachhaltiger Entwicklung beschliesst, aber darin nur einmal ErneuerbareEnergien ganz am Rande erwaehnt, hat grundsaetzlich etwas nicht verstanden. Mal abgesehen von manch anderem Bloedsinn, der da noch drin steht @cducsubt;negative;Umweltpolitik
5602;stbrandner;11;48;Eisenberg: Marks GmbH laedt MdB aller Parteien ein, um Mitarbeitern Politik aus erster Hand zu bieten. Nach A.Weiler war ich der 2., naechster R.Lenkert. Klasse Publikum. Vielen Dank  das ist ganz im Sinne der Demokratie! AfD Demokratie Berlin Bundestag Brandner;positive;Lokalpolitik
6636;KatjaSuding;2;26;.@MAStrackZi  kennt ihre Stadt  setzt sich schon heute mit Rueckgrat fuer Euch und Eure Interessen ein. Als fruehere Buergermeisterin hat sie gezeigt, dass sie es kann. Jetzt ist es Zeit fuer den Chefsessel. MASZ ist eine Duesseldorferin fuer Duesseldorf. MASZmachts OBDUS20 FDPwaehlen;positive;Innenpolitik, Wahlen
8777;svenlehmann;70;213;Sie haben es tatsaechlich getan: CDUSPDFDP in Koeln verscherbeln einen Teil des Aeusseren Gruenguertels und stimmen fuer die Bebauung der Gleueler Wiese  Dafuer muessen sie bei der Kommunalwahl am 13.9. die Quittung bekommen. Ein schwarzer Tag fuer den Klima- und Umweltschutz!;negative;Umweltpolitik
15496;svenlehmann;8;95;Beeindruckendes Treffen mit den polnischen Aktivist*innen von @QueerowyMaj. Sie stemmen sich taeglich gegen die homo- und transfeindliche Hetze, die von Teilen der Kirche und der Regierung ausgeht. Wir stehen an ihrer Seite im Kampf fuer Freiheit + Akzeptanz. Queer solidarno! ;positive;Gleichberechtigung
15506;svenlehmann;9;42;Die Wahlrechtsreform ist erneut ein Beweis dafuer, wie kraftlos + unambitioniert die GroKo ist. Statt mutiger Schritte werden ein paar Ausgleichsmandate reduziert + ansonsten eine Reform auf die naechste Wahlperiode verschoben. Wir brauchen aber JETZT eine Loesung! @BriHasselmann;negative;Innenpolitik, GroKo
22003;Oliver_Krischer;177;516;Es laeuft wie immer: Wenn es konkret wird, interveniert die Bundesregierung in Bruessel allen Bekenntnissen zum Trotz GEGEN ambitionierten Klimaschutz. Genau wegen dieser Politik hatten wir den waermsten Januar und in der Antarktis gerade ueber 18 Grad C;negative;Umweltpolitik
26180;NielsAnnen;1;12;Bei Center-Managerin Kerstin Huttanus habe ich mich ueber die Lage im Tibarg-Center informiert. Ein Dank an alle, die sich so schnell auf die neue Situation eingestellt haben  mit daran arbeiten, dass wir unseren lokalen Zentren den Ruecken staerken! @spdeimsbuettel @MarcSchemmel;positive;Corona, Gesundheitspolitik
27333;katjadoerner;10;33;Los gehts, die Fridays for Future und die Parents for Future bonn stellen ihre Vorschlaege und Forderungen fuer die dringend notwendige Verkehrswende vor. Endlich mutig voran! Danke, dass Ihr der Politik Druck macht und mit konkreten Ideen Wege aufzeigt! ;positive;Umweltpolitik
30804;Thomas_Bareiss;0;16;Eine Ergaenzung zum Problem Zigarettenkippen: Ich finde es total daneben, wenn jemand seine Kippen einfach auf den Boden wirft. Oder ich hab auch schon Autofahrer gesehen, die ihren kompletten Aschenbecher einfach auf einem Parkplatz auf den Boden leeren. Schlichtweg asozial.;negative;Umweltpolitik
34131;UllaJelpke;62;196;Die hilflosen Appelle der EU, Erdogan moege bitte am Fluechtlingsdeal EU-Tuerkei festhalten, sind erbaermlich. Wie tief will die EU noch vor dem Despoten am Bosporus in die Knie gehen? Nehmt ihn beim Wort: Grenzen auf, wuerdige Aufnahme und Behandlung in der EU!;negative;Flüchtlingspolitik
34163;steffilemke;9;71;@C_me_on @TiloJung @JungNaiv Oh, vielen Dank!  War mit Sicherheit das schwierigste Interview seit langer Zeit und ist ein grossartiges Format, das @TiloJung @JungNaiv entwickelt haben - in hektischen Zeiten jenseits von Talkshow und 20Sekuendern Politik zu vermitteln. Thx dafuer!;positive;Medien
34674;stbrandner;247;885;Unsaegliche Zustaende im Bundestag: Linke Abgeordnete lassen Chaoten ins Gebaeude, die rumbruellen, Flugblaetter werfen (gestern), sich vom Gebaeude abseilen (heute). Unser 1. PGF Baumann hat dazu gerade eine Sondersitzung des Aeltestenrat beantragt. Findet in ca. 1 Std. statt. AfD;negative;Innenpolitik, Rechtsradikalismus
42859;sven_kindler;2;7;Anfrage von mir zeigt  Zahl der Gleisanschluesse bei Unternehmen in Niedersachsen geht zurueck. Das ist fatal fuer die Verkehrswende fuer die Verkehrswende und die Verlagerung auf die Schiene. Der Bund ist hier gefragt und muss die Unterstuetzung ausweiten.  @noz_de;negative;Umweltpolitik
49986;Fabiodemasi;23;79;Nebelkerzen: Zum Spin Scholz haette Fragen zu mir zu weiteren Treffen mit Olearius nicht beantwortet (schlimm genug) und wir haetten nachfragen sollen. Ein Thread. 1. Er hat geantwortet: Es gaebe nichts ausser was schon in Presse stand. Das ist eine Antwort und war unwahr.CumEx;negative;Innenpolitik, Wirtschaft
1461;alice_weidel;387;1270;+++Unsere Strassen sind nicht die Buehne fuer Migranten-Raser!+++ Es sind junge Maenner mit Migrationshintergrund, die auf der Strasse die Muskeln spielen lassen. Ganz offenbar, weil die Strafen zu gering sind. Hier muss dringend nachgebessert werden! AfD ;negative;Flüchtlingspolitik
2199;HeikoMaas;235;1129;Wenn Juedinnen und Juden in Europa wieder Angst haben, ist das beschaemend fuer uns alle. Jeder einzelne Angriff auf sie ist auch eine Attacke auf unsere liberale Demokratie. Juedisches Leben muessen wir als unverdientes Geschenk betrachten und alles tun, um es bei uns zu schuetzen.;negative;Rechtsradikalismus
2294;oezoguz;12;60;Was kann nur Menschen dazu verleiten, eine derart abscheuliche und niedertraechtige Tat zu begehen? In einer Kirche, zum religioesen friedlichen Fest zum Moerder zu werden.. Ich trauere mit allen Angehoerigen und wuensche SriLanka, dass sie enger zusammenruecken gegen Hass und Terror.;negative;Rechtsradikalismus
6597;DietmarBartsch;29;108;Mich bestuerzt die verantwortungsvergessene Leichtigkeit, mit der ein deutscher Politiker postuliert, Bomben auf den Iran sind moeglich, und gleichzeitig abstreitet, dass dadurch mehr Menschen in die Flucht getrieben werden. Der Nahe Osten ist mahnender Zeuge fuer das Gegenteil.;negative;Außenpolitik, Nahost
7658;GregorGysi;28;340;Lars Eidinger bekommt verdient sein @bravomagazin-Poster. Er ist ein toller Schauspieler. Wie seine Fans, die ihn unterstuetzt haben, freue ich mich fuer ihn, weise aber selbstverstaendlich jede Mittaeterschaft zurueck.  Es ist schon interessant, was eine Mail so bewirken kann.;positive;?
8939;karl_lauterbach;27;169;Prantl hat Recht, die GroKo hat derzeit weder in der Bevoelkerung Rueckhalt, noch hilft sie den Beteiligten. Sie haelt dazu die AfD stark. Der dringend notwendige Neuanfang in Umwelt-, Sozial- und Sicherheitspolitik kommt so nicht. SPD stagniert im Siechtum;negative;Innenpolitik, GroKo
10674;karl_lauterbach;65;1038;Der Staat hat nicht versagt, im Gegenteil. Er konnte den Anschlag verhindern, die Verbrecher fassen. Der Polizei und den Ermittlern gebuehrt groesster Dank, keine Beschimpfung. Es geht in erster Linie weder um Tuerken, Mazedonier oder Offenbacher. Nur um hochgefaehrliche Verbrecher;positive;Rechtsradikalismus
11293;alice_weidel;814;2750;+++Schlag ins Gesicht der Demokratie!+++ Der Waehler wird sehr genau beobachten, wie hier mit uns umgegangen wird. Das Verhalten der anderen Parteien ist ganz klar undemokratisch. Wir sind die groesste Oppositionspartei im Bundestag. HarderKuehnel Bundestagsvizepraesidentin AfD;negative;AfD
13295;karl_lauterbach;32;1146;Danke an alle, die Nina und mich gewaehlt haben. Und an alle, die bei den Regionalkonferenzen waren. Die Mitglieder sind der Goldschatz der SPD. Menschen voller Idealismus und Engagement fuer die Partei. Und auch Glueckwunsch an die beiden Gewinnerpaare;positive;Innenpolitik, Wahlen
13889;oezoguz;1;11;Ein sehr emotionaler Termin heute Morgen. Eine bewundernswerte Frau, die sich trotz allem, was ihr angetan wurde, um so viele Differenzierungen und um Klarheit bemueht. Aber auch ihre Aengste offen anspricht. Danke Nadia Murad @NadiaMuradBasee. Und Danke @AuswaertigesAmt;positive;?
14679;svenlehmann;29;276;Was ich an @FridayForFuture so wichtig finde: Es geht zuerst um Klimaschutz, ja. Aber es geht auch um Menschenrechte und ein solidarisches Miteinander. Es geht um einen neuen Gesellschaftsentwurf jenseits von Ausbeutung und Gegeneinander. Wir sollten da sehr genau hinhoeren.;positive;Umweltpolitik, Sozialpolitik
16991;KarambaDiaby;10;94;Mit u.a. Ministerin Giffey und Staatssekretaerin @Moebbeck habe ich gestern an die Opfer in Halle gedacht. Wir haben viele Gespraeche gefuehrt: Ich sah bei den Hallenser*innen keine Resignation, sondern ein starkes Mitgefuehl  den  Wunsch nach Zusammenhalt. Das gibt mir Kraft.;positive;Rechtsradikalismus
17355;Frank_Pasemann;59;171;Linke Kravallisten wie @jonas_fedders nennen sich Journalisten. Ihre Agenda ist Provokation und Denunziation. Wenn Kubitschek, die Mitarbeiter und Gaeste von @antaios belaestigt werden, dann ist das vieles, aber kein Journalismus. Die Polizei erklaert es ihm vergeblich! fbm19 @AfD;negative;Medien
21495;rbrinkhaus;18;60;Es fehlt leider sehr haeufig an Respekt gegenueber den Menschen im Osten. Ueber deren Leben wird oft hinweg gegangen, als ob sie vor der Wende nichts geleistet haetten. Das gilt aehnlich fuer die Zeit  nach 1990. Interview u.a. in der @lr_online ;negative;Innenpolitik
23013;larsklingbeil;44;333;Die @spdde ist die mitgliederstaerkste Partei  lasst uns die Staerke nutzen. Ich freue mich, wenn sich moeglichst viele Mitglieder einbringen  wir den besten Weg finden, den Vorsitz neu zu besetzen. Die naechste Zeit kann fuer alle SozialdemokratInnen richtig spannend werden.;positive;Innenpolitik, SPD
23139;karl_lauterbach;19;94;Der Mega-Streit in der Union zwischen Merkel und Seehofer, der fast die Union gespalten und die GroKo beendet haette, hat zu nur 11 (!) zusaetzlichen Abschiebungen gefuehrt. Das zeigt, wie laecherlich der ganze Symbolkampf war, der nur der AfD genutzt hat. ;negative;Innenpolitik, GroKo
25970;karl_lauterbach;1;72;Eine solche Tragoedie bestuerzt alle Weltreligionen, die sich ja sofort solidarisch erklaert haben. Jede Tragoedie ist aber offenbar fuer die AfD eine Gelegenheit, Abendland gegen andere zu spalten. Die Reaktion auf den Brand ist zum Glueck ein Zeichen des Zusammenhalts in Europa.;negative;AfD, Rechtsradikalismus
26726;jensspahn;5;57;Was fuer ein toller Parteitag der  @cdukreisborken heute in Bocholt! Ich danke allen Delegierten fuer das grosse Vertrauen und die Wiederwahl mit dem schoenen Ergebnis von 99,4 Prozent. Lasst uns die vor uns liegenden Aufgaben mit Zuversicht gemeinsam angehen.;positive;Innenpolitik, Wahlen
28123;PaulZiemiak;16;75;Eine klare Ansage nach der anderen! Beim saechsischen Wahlforum sieht man, dass @MPKretschmer der Richtige fuer den Freistaat Sachsen ist. Die @cdusachsen hat die richtigen Ideen fuer beste Bildung, mehr Sicherheit und eine lebenswerte Heimat in Stadt und Land. sltw19;positive;Innenpolitik, Wahlen
30101;Beatrix_vStorch;271;1060;So vorhersehbar, wie armselig: Kaum ist mal eine Woche lang im Sommer Sommer, schon geht das Klimagekreische wieder los. Heiss- Klimakrise. Aber bei 17 Grad u Regen im Juli, belehrt man uns: das sei Wetter. Hat mit Klima nix zu tun. Entscheidet Euch mal, ihr Aengsteschuerer!;negative;Umweltpolitik
32245;DietmarBartsch;75;320;Dass Macron am Pranger steht und nicht Kriegsherr Erdogan, sagt alles ueber die @NATO. Die Bundesregierung laesst Deutschlands engsten Partner Frankreich im Stich. Es kann nicht sein, dass Deutschland naeher bei Trump und Erdogan steht als bei der franzoesischen Regierung. NATO70;negative;Außenpolitik, Nahost
33587;martinarenner;63;97;Wenn VS bei Vorbereitung von Straftaten wegsieht, dann ist mit Sicherheit Quellenschutz im Spiel. Und im LKA Berlin muessen endlich rechte Seilschaften ausgemacht und rausgeworfen werden. Vielleicht klappt es dann mit Strafverfolgung bei Neonazis und Schutz der Opfer. Neukoelln;negative;Innenpolitik, Grüne
35491;KarambaDiaby;9;62;Ein schoener Tag fuer Halle. Die Bereinigungssitzung des Haushaltsausschusses hat beschlossen: 16,2 Mio. Euro erhaelt Halle aus Zuschuessen fuer investive Kulturmassnahmen. 2,9 Mio. Euro fuer die Moritzkirche  13,3 Mio. Euro fuer das Stadtbad Halle. Danke an @kahrs und BettinaHagedorn;positive;Lokalpolitik
37751;ABaerbock;102;2529;Vielen Dank!!! Ich freue mich riesig ueber das Vertrauen in Robert und mich und auf die kommenden zwei Jahre mit euch! Es gibt viel zu tun: Wir werden weiter mit Herzblut fuer eine mutige Politik kaempfen, die die Probleme unserer Zeit anpackt! BDK19 @BUeNDIS90/DIE GRUeNEN;positive;Innenpolitik, Wahlen
41556;Beatrix_vStorch;252;1424;Herzliche Glueckwunsch nach Thueringen: Die AfD holt den 3. grossen Wahlerfolg 2019. Osten ist Hochburg mit einer treuen Waehlerschaft von klar ueber 20  Prozent. Ohne AfD gibt es im Osten keine stabilen Mehrheiten. Jetzt Koalition: Linke und CDU? Go for it!  Thueringenwahl ltwth19;positive;Innenpolitik, Wahlen
41748;PaulZiemiak;1;25;Ich moechte mich bei allen Mitarbeitern im KAH bedanken. Ihr habt alle zusammen unermuedlichen Einsatz  Leidenschaft gezeigt. Ich freue mich auf alles, was wir gemeinsam noch im gesamten Team bewegen werden. Ich weiss heute: Es wird gut! cdupt19;positive;Innenpolitik, Wahlen
45409;Beatrix_vStorch;563;2029;Dieser Nazi schreibt beim Spiegel. Er will Menschen wegen ihrer Meinung aechten, ausgrenzen, klein halten (?)... der Phantasie den freien Lauf. Da faellt dem geneigten Linksfaschisten schon was ein. Man fasst es einfach nicht. Was fuer eine erbaermliche Figur.;negative;Medien, Rechtsradikalismus
46168;svenlehmann;114;658;Der Bundestag debattiert gerade die Entschaedigung von Opfern von Gewalttaten. AfD-Mann Sichert nennt dieses Gesetz Blutgeld und hetzt bei seiner Rede gegen Muslime. Die Opfer sind der AfD egal, Menschen generell sind ihnen egal. Diese Partei ist eine Schande!;negative;AfD, Rechtsradikalismus
50494;HeikoMaas;51;337;Vor dreissig Jahren fiel die Berliner Mauer. Doch sie fiel nicht einfach  sie wurde zu Fall gebracht. Sie wurde eingerissen von den vielen mutigen Menschen in Ostdeutschland, deren Hunger nach Freiheit und Gerechtigkeit staerker war als alle Zaeune und Mauern. Danke! mauerfall30;positive;Innenpolitik, Ostdeutschland
51693;MartinSchulz;26;115;"Die Drohung von Erdogan, die Fluechtlingsvereinbarung mit der EU aufzukuendigen, ist zynisch und darf nicht als Grund herhalten sein Verhalten zu tolerieren. Das Leid von Menschen mit dem Leid anderer Menschen aufzuwiegen ist unmenschlich; es ist Erpressung auf niedrigstem Niveau.";negative;Außenpolitik, Nahost
52087;karl_lauterbach;131;730;So einen Unsinn liest man nur sehr selten. Bild veroeffentlicht die Morde des Terroristen um AUFLAGE zu machen. Nichts sonst. Es ist unsolidarisch anderen Zeitungen gegenueber, weil nur damit es solche Bilder gibt, wird der Terror begangen. Wir sollten den Dreck nicht zeigen.;negative;Medien
54124;karl_lauterbach;86;354;Versagen beim Klimaschutz kann man nur verbergen, wenn man die Wirkung der Massnahmen nicht untersucht. Den Weg geht Scheuer jetzt. Das darf die SPD nicht mittragen. Weder die Auto-Krise noch der Klimaschutz kommen so weiter. Scheuer wird zum GroKo-Problem;negative;Umweltpolitik
55314;karl_lauterbach;23;165;Man muss weder Schwuler noch gegen den Islam sein um diese Barbarei zu verurteilen. Steinzeit-Islam der Scharia ist aber weder repraesentativ noch der Grund fuer die homophobe Kultur der Unterdrueckung in Brunei. Wenn das Land die Menschenrechte nicht achtet muessen wir Druck machen;negative;Außenpolitik, Islam
55430;Oliver_Krischer;23;132;Klasse! Die FridaysForFuture haben heute mit 40.000 Teilnehmer*innen die groesste Demo aller Zeiten in der langen Geschichte von Aachen auf die Beine gestellt - bunt, kreativ, europaeisch. Die Botschaft von FFFgoesAachen AC2106 ist klar: Macht endlich ernst mit Klimaschutz;positive;Umweltpolitik
